INSERT INTO `users` (`id`, `nom`, `prenom`, `username`, `email`, `phone`, `city`, `email_verified_at`, `password`, `display_name`, `company_name`, `address`, `website`, `logo`, `balance`, `role`, `is_active`, `advertiser_status`, `remember_token`, `created_at`, `updated_at`, `deleted_at`) VALUES
(1, 'Admin', 'Master', 'masteradmin', 'admin@ligneclairemedia.com', NULL, NULL, '2025-10-28 22:41:16', '$2y$12$gjXgHDz8ac5APX59Fik.TuxpfVTGGLO1f89MOnNiHr1Z1fv55axWe', 'Rédaction LCM+', NULL, NULL, NULL, NULL, 0.00, 'master_admin', 1, NULL, 'XZTp8UxKkOLRrJyerYmTZF0zgSANtWFvTRt65gX24CfWeqk3ZdmnKEBAIc68', '2025-10-28 22:41:16', '2025-10-28 22:41:16', NULL),
(2, 'Administrateur', 'Principal', 'admin', 'redaction@ligneclairemedia.com', NULL, NULL, '2025-10-28 22:41:16', '$2y$12$gjXgHDz8ac5APX59Fik.TuxpfVTGGLO1f89MOnNiHr1Z1fv55axWe', 'Équipe LCM+', NULL, NULL, NULL, NULL, 0.00, 'admin', 1, NULL, NULL, '2025-10-28 22:41:16', '2025-10-28 22:41:16', NULL),
(3, 'Dupont', 'Jean', 'jdupont', 'j.dupont@ligneclairemedia.com', NULL, NULL, '2025-10-28 22:41:16', '$2y$12$gjXgHDz8ac5APX59Fik.TuxpfVTGGLO1f89MOnNiHr1Z1fv55axWe', 'Jean Dupont', NULL, NULL, NULL, NULL, 0.00, 'redacteur', 1, NULL, NULL, '2025-10-28 22:41:16', '2025-10-28 22:41:16', NULL),
(4, 'Martin', 'Sophie', 'smartin', 's.martin@ligneclairemedia.com', NULL, NULL, '2025-10-28 22:41:17', '$2y$12$gjXgHDz8ac5APX59Fik.TuxpfVTGGLO1f89MOnNiHr1Z1fv55axWe', 'Sophie Martin', NULL, NULL, NULL, NULL, 0.00, 'journaliste', 1, NULL, NULL, '2025-10-28 22:41:17', '2025-10-28 22:41:17', NULL),
(5, 'Test', 'Advertiser', 'advertiser_test', 'advertiser@test.com', NULL, NULL, NULL, '$2y$12$gjXgHDz8ac5APX59Fik.TuxpfVTGGLO1f89MOnNiHr1Z1fv55axWe', NULL, 'Test Company SARL', NULL, NULL, NULL, 0.00, 'advertiser', 1, 'active', NULL, '2025-10-28 22:54:36', '2025-10-28 22:54:36', NULL),
(6, 'Frye', 'Harding', 'varchangedegueno', 'varchangedegueno@gmail.com', '+1 (256) 436-1286', 'Veniam dolore exerc', NULL, '$2y$12$gjXgHDz8ac5APX59Fik.TuxpfVTGGLO1f89MOnNiHr1Z1fv55axWe', NULL, NULL, NULL, NULL, NULL, 0.00, 'advertiser', 1, 'active', NULL, '2025-10-28 23:24:13', '2025-10-28 23:24:13', NULL),
(7, 'Mcpherson', 'April', 'vewazow', 'vewazow@mailinator.com', '+1 (741) 745-9638', 'Et veniam nostrud q', NULL, '$2y$12$gjXgHDz8ac5APX59Fik.TuxpfVTGGLO1f89MOnNiHr1Z1fv55axWe', NULL, NULL, NULL, NULL, NULL, 0.00, 'witness', 1, NULL, NULL, '2025-10-29 07:53:30', '2025-10-29 07:53:30', NULL),
(8, 'Salas', 'Jael', 'leconeluro', 'leconeluro@mailinator.com', '+1 (903) 645-3188', 'Aliqua Deserunt lau', NULL, '$2y$12$gjXgHDz8ac5APX59Fik.TuxpfVTGGLO1f89MOnNiHr1Z1fv55axWe', NULL, NULL, NULL, NULL, NULL, 0.00, 'contributor', 1, NULL, NULL, '2025-10-29 08:08:23', '2025-10-29 08:08:23', NULL),
(9, 'Mullen', 'Plato', 'rufiqine', 'rufiqine@mailinator.com', '+1 (682) 816-6691', 'Dolorem voluptas ex', NULL, '$2y$12$gjXgHDz8ac5APX59Fik.TuxpfVTGGLO1f89MOnNiHr1Z1fv55axWe', NULL, NULL, NULL, NULL, NULL, 0.00, 'witness', 1, NULL, NULL, '2025-10-29 09:54:40', '2025-10-29 09:54:40', NULL),
(10, 'Townsend', 'Zelenia', 'qumixi', 'qumixi@mailinator.com', '+1 (881) 972-1443', 'Est ut vel doloribus', NULL, '$2y$12$gjXgHDz8ac5APX59Fik.TuxpfVTGGLO1f89MOnNiHr1Z1fv55axWe', NULL, NULL, NULL, NULL, NULL, 0.00, 'investigator', 1, NULL, NULL, '2025-10-29 10:50:20', '2025-10-29 10:50:20', NULL),
(11, 'DEGUENON', 'Archange', 'degkofdegueno', 'degkofdegueno@gmail.com', '+2290152003929', 'Cotonou', NULL, '$2y$12$gjXgHDz8ac5APX59Fik.TuxpfVTGGLO1f89MOnNiHr1Z1fv55axWe', NULL, NULL, NULL, NULL, NULL, 0.00, 'contributor', 1, NULL, NULL, '2025-10-29 11:51:11', '2025-10-29 11:51:11', NULL),
(12, 'Farmer', 'Leah', 'qyqucim', 'qyqucim@mailinator.com', '+1 (733) 294-4184', 'Cupiditate ut eos v', NULL, '$2y$12$gjXgHDz8ac5APX59Fik.TuxpfVTGGLO1f89MOnNiHr1Z1fv55axWe', NULL, NULL, NULL, NULL, NULL, 0.00, 'investigator', 1, NULL, NULL, '2025-11-03 09:12:02', '2025-11-03 09:12:02', NULL),
(13, 'Massey', 'Jane', 'cuza', 'cuza@mailinator.com', '+1 (718) 789-2384', 'Exercitationem accus', NULL, '$2y$12$gjXgHDz8ac5APX59Fik.TuxpfVTGGLO1f89MOnNiHr1Z1fv55axWe', NULL, NULL, NULL, NULL, NULL, 0.00, 'investigator', 1, NULL, NULL, '2025-11-03 18:24:16', '2025-11-03 18:24:16', NULL);

INSERT INTO `rubriques` (`id`, `name`, `slug`, `description`, `order`, `is_active`, `icon`, `color`, `views_count`, `created_at`, `updated_at`) VALUES
(19, 'Présidentielle 2026', 'politique_presidentielle', 'Actualité politique du Bénin', 1, 1, '🏛️', '#1e3a8a', 102, '2025-10-09 08:05:51', '2025-10-15 22:38:10'),
(1, 'Politique', 'politique', 'Actualité politique nationale et internationale', 2, 1, '🏛️', '#1e3a8a', 102, '2025-10-09 08:05:51', '2025-10-15 22:38:10'),
(2, 'Économie', 'economie', 'Économie, finance et entreprises', 2, 1, '💼', '#059669', 45, '2025-10-09 08:05:51', '2025-10-16 14:24:29'),
(3, 'Santé', 'sante', 'Santé, médecine et bien-être', 3, 1, '🏥', '#dc2626', 10, '2025-10-09 08:05:51', '2025-10-09 14:05:57'),
(4, 'Éducation', 'education', 'Éducation, formation et recherche', 4, 1, '📚', '#7c3aed', 30, '2025-10-09 08:05:51', '2025-10-09 14:28:48'),
(5, 'Tech', 'tech', 'Technologies, numérique et innovation', 5, 1, '💻', '#0891b2', 5, '2025-10-09 08:05:51', '2025-10-15 18:58:17'),
(6, 'Société', 'societe', 'Faits de société et vie quotidienne', 6, 1, '👥', '#ea580c', 6, '2025-10-09 08:05:51', '2025-10-09 14:10:59'),
(7, 'Sport', 'sport', 'Sports et compétitions', 7, 1, '⚽', '#16a34a', 6, '2025-10-09 08:05:51', '2025-10-09 14:11:11'),
(8, 'Culture', 'culture', 'Culture, arts et spectacles', 8, 1, '🎭', '#db2777', 8, '2025-10-09 08:05:51', '2025-10-15 18:25:49'),
(9, 'International', 'international', 'Actualité mondiale', 9, 1, '🌍', '#2563eb', 7, '2025-10-09 08:05:51', '2025-10-16 19:26:47'),
(10, 'Police-Justice', 'police-justice', 'Faits divers et justice', 10, 1, '⚖️', '#1e40af', 3, '2025-10-09 08:05:51', '2025-10-15 20:51:57'),
(11, 'People', 'people', 'Célébrités et personnalités', 11, 1, '⭐', '#f59e0b', 0, '2025-10-09 08:05:51', '2025-10-09 08:05:51'),
(12, 'Météo', 'meteo', 'Prévisions et climat', 12, 1, '🌤️', '#0ea5e9', 3, '2025-10-09 08:05:51', '2025-10-09 14:16:23'),
(13, 'Newsletters', 'newsletters', 'Nos newsletters', 13, 1, '📧', '#6366f1', 2, '2025-10-09 08:05:51', '2025-10-09 14:16:33'),
(14, 'Sondage', 'sondage', 'Sondages et enquêtes', 14, 1, '📊', '#8b5cf6', 15, '2025-10-09 08:05:51', '2025-10-16 10:48:54'),
(15, 'Code Promo', 'code-promo', 'Bons plans et promotions', 15, 1, '🎁', '#ec4899', 5, '2025-10-09 08:05:51', '2025-10-16 19:23:55'),
(16, 'Crypto', 'crypto', 'Description', 16, 1, '💼', '#2563eb', 0, '2025-09-04 10:38:16', '2025-09-04 10:38:16'),
(17, 'Emplois', 'emplois', NULL, 17, 1, '💼', '#2563eb', 0, '2025-09-04 10:38:16', '2025-09-17 10:38:42'),
(18, 'Faits de Société', 'faits-de-societe', NULL, 18, 1, '🌍', '#2563eb', 2, '2025-09-04 10:38:16', '2025-10-16 20:38:36');




INSERT INTO `publications` (`id`, `user_id`, `rubrique_id`, `title`, `slug`, `excerpt`, `content`, `type`, `featured_image`, `video_url`, `external_link`, `video_duration`, `status`, `is_featured`, `is_breaking`, `published_at`, `views_count`, `comments_count`, `shares_count`, `meta_title`, `meta_description`, `meta_keywords`, `created_at`, `updated_at`, `deleted_at`) VALUES
(1, 1, 1, 'Arrestation des opposants', 'arrestation-des-opposants', 'Lorem Ipsum is simply dummy text of the printing and typesetting industry. Lorem Ipsum has been the industry\'s standard dummy text ever since the 1500s, when an unknown printer took a galley of type and scrambled it to make a type specimen book. It has survived not only five centuries, but also the leap into electronic typesetting, remaining essentially unchanged. It was popularised in the 1960s with the release of Letraset sheets containing Lorem Ipsum passages, and more recently with desktop publishing software like Aldus PageMaker including versions of Lorem Ipsum', 'It is a long established fact that a reader will be distracted by the readable content of a page when looking at its layout. The point of using Lorem Ipsum is that it has a more-or-less normal distribution of letters, as opposed to using \'Content here, content here\', making it look like readable English. Many desktop publishing packages and web page editors now use Lorem Ipsum as their default model text, and a search for \'lorem ipsum\' will uncover many web sites still in their infancy. Various versions have evolved over the years, sometimes by accident, sometimes on purpose (injected humour and the like).', 'article', NULL, 'https://youtube.com/shorts/IZEA2TobJ-I?si=MPZPl7fhJTZHkaf2', NULL, 200, 'published', 1, 0, '2025-09-03 09:11:40', 6, 0, 0, NULL, NULL, NULL, '2025-10-09 09:11:40', '2025-10-09 13:49:56', NULL),
(2, 4, 4, 'Reforme sur les cours dans les écoles du primaire v1 1', 'reforme-sur-les-cours-dans-les-ecoles-du-primaire-v1-1', 'There are many variations of passages of Lorem Ipsum available, but the majority have suffered alteration in some form, by injected humour, or randomised words which don\'t look even slightly believable. If you are going to use a passage of Lorem Ipsum, you need to be sure there isn\'t anything embarrassing hidden in the middle of text. All the Lorem Ipsum generators on the Internet tend to repeat predefined chunks as necessary, making this the first true generator on the Internet.', '<p>Where <strong>does it come</strong> from?</p>\r\n\r\n<p>Contrary to popular belief, Lorem Ipsum is not simply random text. It has roots in a piece of classical Latin literature from 45 BC, making it over 2000 years old. Richard McClintock, a Latin professor at Hampden-Sydney College in Virginia, looked up one of the more obscure Latin words, consectetur, from a Lorem Ipsum passage, and going through the cites of the word in classical literature, discovered the undoubtable source. Lorem Ipsum comes from sections 1.10.32 and 1.10.33 of &quot;de Finibus Bonorum et Malorum&quot; (The Extremes of Good and Evil) by Cicero, written in 45 BC. This book is a treatise on the theory of ethics, very popular during the Renaissance. The first line of Lorem Ipsum, &quot;Lorem ipsum dolor sit amet..&quot;, comes from a line in section 1.10.32. The standard chunk of Lorem Ipsum used since the 1500s is reproduced below for those interested. Sections 1.10.32 and 1.10.33 from &quot;de Finibus Bonorum et Malorum&quot; by Cicero are also reproduced in their exact original form, accompanied by English versions from the 1914 translation by H. Rackham.</p>', 'article', 'publications/6vGupwCUBSdApZ5dSTSdJnvXEVLPwju3kEQBzisg.png', 'https://youtube.com/shorts/IZEA2TobJ-I?si=MPZPl7fhJTZHkaf2', NULL, 300, 'published', 1, 1, '2025-09-03 09:11:40', 4, 0, 0, NULL, NULL, NULL, '2025-10-09 09:57:49', '2025-10-09 11:00:13', NULL),
(4, 4, 4, 'Reforme sur les cours dans les écoles du primaire v2', 'reforme-sur-les-cours-dans-les-ecoles-du-primaire-v2', 'There are many variations of passages of Lorem Ipsum available, but the majority have suffered alteration in some form, by injected humour, or randomised words which don\'t look even slightly believable. If you are going to use a passage of Lorem Ipsum, you need to be sure there isn\'t anything embarrassing hidden in the middle of text. All the Lorem Ipsum generators on the Internet tend to repeat predefined chunks as necessary, making this the first true generator on the Internet.', 'Where does it come from?\r\nContrary to popular belief, Lorem Ipsum is not simply random text. It has roots in a piece of classical Latin literature from 45 BC, making it over 2000 years old. Richard McClintock, a Latin professor at Hampden-Sydney College in Virginia, looked up one of the more obscure Latin words, consectetur, from a Lorem Ipsum passage, and going through the cites of the word in classical literature, discovered the undoubtable source. Lorem Ipsum comes from sections 1.10.32 and 1.10.33 of \"de Finibus Bonorum et Malorum\" (The Extremes of Good and Evil) by Cicero, written in 45 BC. This book is a treatise on the theory of ethics, very popular during the Renaissance. The first line of Lorem Ipsum, \"Lorem ipsum dolor sit amet..\", comes from a line in section 1.10.32.\r\n\r\nThe standard chunk of Lorem Ipsum used since the 1500s is reproduced below for those interested. Sections 1.10.32 and 1.10.33 from \"de Finibus Bonorum et Malorum\" by Cicero are also reproduced in their exact original form, accompanied by English versions from the 1914 translation by H. Rackham.', 'article', 'publications/X5hxRrClfcCD9q9LWlccydQafldIi6hTpDY2s000.png', 'https://youtube.com/shorts/IZEA2TobJ-I?si=MPZPl7fhJTZHkaf2', NULL, 300, 'published', 1, 1, '2025-09-03 09:11:40', 6, 0, 0, NULL, NULL, NULL, '2025-10-09 10:25:03', '2025-10-09 14:28:48', NULL),
(5, 1, 1, 'Nouvelle alliance politique annoncée', 'nouvelle-alliance-politique-annoncee', 'Les principaux partis d\'opposition ont annoncé la formation d\'une nouvelle alliance pour les élections à venir. Cette coalition vise à proposer une alternative crédible aux électeurs.', '<p>Les leaders des principaux partis d\'opposition se sont réunis hier pour officialiser une nouvelle alliance politique majeure. Cette coalition regroupe plusieurs formations qui partagent une vision commune pour l\'avenir du pays.</p><p>Les discussions ont porté sur un programme commun axé sur la réforme institutionnelle, le développement économique et la lutte contre la corruption.</p>', 'article', NULL, NULL, NULL, NULL, 'published', 0, 0, '2025-09-03 09:11:40', 1245, 0, 45, NULL, NULL, NULL, '2025-10-08 07:30:00', '2025-10-08 07:30:00', NULL),
(6, 2, 1, 'Débat houleux à l\'Assemblée nationale', 'debat-houleux-assemblee-nationale', 'La session parlementaire d\'hier a été marquée par des échanges vifs entre la majorité et l\'opposition sur le projet de loi de finances.', '<p>Les députés ont passé plus de six heures à débattre du nouveau projet de loi de finances. Les tensions étaient palpables entre les deux camps, avec plusieurs suspensions de séance.</p><p>L\'opposition dénonce un budget qui ne répond pas aux besoins urgents de la population, tandis que la majorité défend des choix budgétaires responsables.</p>', 'article', NULL, NULL, NULL, NULL, 'published', 0, 1, '2025-09-03 09:11:40', 2134, 0, 89, NULL, NULL, NULL, '2025-10-08 13:15:00', '2025-10-08 13:15:00', NULL),
(7, 3, 1, 'Le gouvernement annonce des réformes majeures', 'gouvernement-annonce-reformes-majeures', 'Le Premier ministre a présenté ce matin un vaste programme de réformes touchant plusieurs secteurs clés de l\'économie nationale.', '<p>Lors d\'une conférence de presse très attendue, le chef du gouvernement a détaillé les grandes lignes des réformes à venir. Parmi les mesures phares : la modernisation de l\'administration publique et la simplification du code des investissements.</p><p>Ces annonces interviennent dans un contexte économique difficile et visent à relancer la croissance.</p>', 'article', NULL, NULL, NULL, NULL, 'published', 1, 0, '2025-09-03 09:11:40', 3421, 0, 156, NULL, NULL, NULL, '2025-10-07 09:00:00', '2025-10-07 09:00:00', NULL),
(8, 4, 1, 'Élections locales : forte mobilisation attendue', 'elections-locales-forte-mobilisation-attendue', 'À quelques semaines des élections municipales, les différents partis intensifient leurs campagnes sur le terrain. Les analystes prévoient un taux de participation élevé.', '<p>Les campagnes électorales battent leur plein dans toutes les communes du pays. Les candidats multiplient les meetings et les rencontres avec les populations pour présenter leurs programmes.</p><p>Les enjeux locaux comme l\'accès à l\'eau potable, l\'assainissement et le développement des infrastructures sont au cœur des débats.</p>', 'article', NULL, NULL, NULL, NULL, 'published', 0, 0, '2025-09-03 09:11:40', 1877, 0, 67, NULL, NULL, NULL, '2025-10-06 15:45:00', '2025-10-09 13:52:56', NULL),
(9, 5, 2, 'Croissance économique : les chiffres du trimestre', 'croissance-economique-chiffres-trimestre', 'L\'Institut national des statistiques vient de publier les indicateurs économiques du dernier trimestre. La croissance se maintient malgré le contexte international difficile.', '<p>Selon les dernières données publiées, l\'économie nationale affiche une croissance de 4,2% au dernier trimestre. Ce résultat dépasse les prévisions des analystes qui tablaient sur 3,8%.</p><p>Les secteurs du commerce et de l\'agriculture ont particulièrement contribué à cette performance. Le tourisme montre également des signes encourageants de reprise.</p>', 'article', NULL, NULL, NULL, NULL, 'published', 1, 0, '2025-09-03 09:11:40', 2567, 0, 92, NULL, NULL, NULL, '2025-10-08 08:00:00', '2025-10-08 08:00:00', NULL),
(10, 1, 2, 'Nouvelle zone économique spéciale inaugurée', 'nouvelle-zone-economique-speciale-inauguree', 'Le ministre de l\'Économie a inauguré aujourd\'hui une nouvelle zone économique spéciale destinée à attirer les investisseurs étrangers.', '<p>Cette zone franche couvre une superficie de 500 hectares et offre de nombreux avantages fiscaux aux entreprises qui souhaitent s\'y installer. Les infrastructures modernes et la proximité du port constituent des atouts majeurs.</p><p>Plusieurs grandes entreprises internationales ont déjà manifesté leur intérêt et des négociations sont en cours pour leur implantation.</p>', 'article', NULL, NULL, NULL, NULL, 'published', 0, 1, '2025-09-03 09:11:40', 1924, 0, 71, NULL, NULL, NULL, '2025-10-07 10:30:00', '2025-10-09 15:01:01', NULL),
(11, 2, 2, 'Inflation : les mesures du gouvernement', 'inflation-mesures-gouvernement', 'Face à la hausse des prix, le gouvernement annonce un plan d\'action pour soutenir le pouvoir d\'achat des ménages.', '<p>Le ministre des Finances a présenté un ensemble de mesures visant à atténuer l\'impact de l\'inflation sur les populations. Parmi celles-ci : des subventions ciblées sur les produits de première nécessité et un gel temporaire de certaines taxes.</p><p>Ces dispositions entreront en vigueur dès le mois prochain et concerneront en priorité les familles les plus vulnérables.</p>', 'article', NULL, NULL, NULL, NULL, 'published', 0, 0, '2025-09-03 09:11:40', 2845, 0, 103, NULL, NULL, NULL, '2025-10-06 14:20:00', '2025-10-06 14:20:00', NULL),
(12, 3, 2, 'Bourse : nouvelle semaine dans le vert', 'bourse-nouvelle-semaine-dans-le-vert', 'La Bourse régionale des valeurs mobilières clôture la semaine sur une note positive avec une hausse globale des indices.', '<p>Les investisseurs ont manifesté un regain d\'optimisme cette semaine, portant l\'indice composite à +2,3%. Les valeurs du secteur bancaire et des télécommunications ont particulièrement bien performé.</p><p>Les analystes attribuent cette bonne tenue aux résultats encourageants des dernières publications financières et aux perspectives économiques favorables.</p>', 'article', NULL, NULL, NULL, NULL, 'published', 0, 0, '2025-09-03 09:11:40', 1466, 2, 54, NULL, NULL, NULL, '2025-10-05 16:00:00', '2025-10-16 14:23:18', NULL),
(13, 4, 1, 'Tension diplomatique avec un pays voisin', 'tension-diplomatique-pays-voisin', 'Les relations diplomatiques se tendent suite à un incident frontalier survenu la semaine dernière. Les deux gouvernements appellent au dialogue.', '<p>Un incident impliquant des patrouilles frontalières a créé une tension diplomatique entre les deux pays. Les ministres des Affaires étrangères se sont entretenus par téléphone pour désamorcer la situation.</p><p>Une rencontre au plus haut niveau est prévue dans les prochains jours pour trouver une solution durable et éviter toute escalade.</p>', 'article', NULL, NULL, NULL, NULL, 'published', 0, 1, '2025-09-03 09:11:40', 3124, 0, 145, NULL, NULL, NULL, '2025-10-08 11:00:00', '2025-10-08 11:00:00', NULL),
(14, 5, 1, 'Visite officielle du président à l\'étranger', 'visite-officielle-president-etranger', 'Le chef de l\'État entame une tournée diplomatique de trois jours dans plusieurs capitales européennes pour renforcer les partenariats économiques.', '<p>Cette visite s\'inscrit dans une stratégie de diversification des partenaires commerciaux. Le président sera accompagné d\'une importante délégation d\'hommes d\'affaires.</p><p>Au programme : signature d\'accords de coopération, rencontres avec des investisseurs potentiels et discussions sur les enjeux de sécurité régionale.</p>', 'article', NULL, NULL, NULL, NULL, 'published', 1, 0, '2025-09-03 09:11:40', 2678, 0, 98, NULL, NULL, NULL, '2025-10-07 06:30:00', '2025-10-07 06:30:00', NULL),
(15, 1, 1, 'Sommet de l\'Union africaine reporté', 'sommet-union-africaine-reporte', 'Le sommet extraordinaire des chefs d\'État de l\'Union africaine prévu ce mois-ci a été reporté à une date ultérieure pour des raisons organisationnelles.', '<p>La Commission de l\'Union africaine a annoncé le report du sommet extraordinaire qui devait se tenir à Addis-Abeba. Cette décision fait suite aux demandes de plusieurs États membres qui souhaitent plus de temps pour préparer les dossiers à l\'ordre du jour.</p><p>Une nouvelle date sera communiquée prochainement après consultation de tous les pays membres.</p>', 'article', NULL, NULL, NULL, NULL, 'published', 0, 0, '2025-09-03 09:11:40', 1834, 0, 76, NULL, NULL, NULL, '2025-10-06 12:45:00', '2025-10-06 12:45:00', NULL),
(16, 2, 1, 'Accord de coopération militaire signé', 'accord-cooperation-militaire-signe', 'Un nouvel accord de coopération en matière de défense et de sécurité a été signé avec un pays partenaire stratégique.', '<p>Les ministres de la D&eacute;fense des deux pays ont paraph&eacute; un accord de coop&eacute;ration militaire portant sur la formation, le partage de renseignements et les op&eacute;rations conjointes de maintien de la paix.</p>\r\n\r\n<p>Cet accord s&#39;inscrit dans le cadre de la lutte contre le terrorisme et la criminalit&eacute; transfrontali&egrave;re qui menacent la stabilit&eacute; r&eacute;gionale.</p>', 'article', 'publications/3QEgjrIu60pSJcGQDAtRhaGniZ658UDsu308PAl5.png', NULL, NULL, NULL, 'published', 0, 0, '2025-09-03 09:11:40', 2156, 0, 88, NULL, NULL, NULL, '2025-10-05 09:15:00', '2025-10-09 19:22:26', NULL),
(17, 3, 4, 'Rentrée scolaire : bilan des premiers jours', 'rentree-scolaire-bilan-premiers-jours', 'Les écoles ont rouvert leurs portes il y a deux semaines. Le ministère de l\'Éducation dresse un premier bilan globalement positif malgré quelques difficultés.', '<p>Plus de 2 millions d\'élèves ont repris le chemin de l\'école dans des conditions généralement satisfaisantes. La distribution des manuels scolaires se poursuit et devrait être achevée d\'ici la fin du mois.</p><p>Quelques établissements font face à des problèmes d\'effectifs pléthoriques dans certaines classes, nécessitant le recrutement d\'enseignants supplémentaires.</p>', 'article', NULL, NULL, NULL, NULL, 'published', 0, 0, '2025-09-03 09:11:40', 1567, 0, 62, NULL, NULL, NULL, '2025-10-08 07:00:00', '2025-10-08 07:00:00', NULL),
(18, 4, 4, 'Universités : grève des enseignants suspendue', 'universites-greve-enseignants-suspendue', 'Après trois semaines de paralysie, le syndicat des enseignants du supérieur a décidé de suspendre son mouvement de grève suite à des avancées dans les négociations.', '<p>La reprise des cours est prévue dès lundi prochain dans toutes les universités publiques. Les enseignants ont obtenu des garanties sur plusieurs de leurs revendications, notamment l\'amélioration des conditions de travail.</p><p>Un calendrier de mise en œuvre des engagements pris par le gouvernement a été établi et sera suivi par une commission mixte.</p>', 'article', NULL, NULL, NULL, NULL, 'published', 1, 1, '2025-09-03 09:11:40', 2943, 0, 134, NULL, NULL, NULL, '2025-10-07 15:30:00', '2025-10-07 15:30:00', NULL),
(19, 5, 4, 'Nouveau campus universitaire en construction', 'nouveau-campus-universitaire-construction', 'Les travaux de construction d\'un nouveau campus universitaire de 10 000 places ont officiellement démarré dans la région du centre.', '<p>Ce projet ambitieux vise à décongestionner les universités de la capitale et à offrir des infrastructures modernes aux étudiants. Le campus comprendra des amphithéâtres, des laboratoires de recherche, une bibliothèque numérique et des résidences étudiantes.</p><p>La livraison est prévue pour la rentrée 2027. L\'investissement total s\'élève à 50 milliards de francs CFA.</p>', 'article', NULL, NULL, NULL, NULL, 'published', 0, 0, '2025-09-03 09:11:40', 1876, 0, 79, NULL, NULL, NULL, '2025-10-06 08:30:00', '2025-10-06 08:30:00', NULL),
(20, 1, 4, 'Formation professionnelle : nouveaux centres ouverts', 'formation-professionnelle-nouveaux-centres-ouverts', 'Le gouvernement inaugure cinq nouveaux centres de formation professionnelle pour répondre aux besoins du marché de l\'emploi.', '<p>Ces centres proposent des formations dans des métiers porteurs : électricité, plomberie, mécanique automobile, couture industrielle et transformation agroalimentaire. L\'objectif est de former 5 000 jeunes par an.</p><p>Les formations sont gratuites et incluent des stages pratiques en entreprise pour faciliter l\'insertion professionnelle des diplômés.</p>', 'article', NULL, NULL, NULL, NULL, 'published', 0, 0, '2025-09-03 09:11:40', 1346, 0, 56, NULL, NULL, NULL, '2025-10-05 13:00:00', '2025-10-09 13:50:50', NULL),
(21, 2, 3, 'Campagne de vaccination élargie', 'campagne-vaccination-elargie', 'Le ministère de la Santé lance une vaste campagne de vaccination gratuite contre plusieurs maladies dans toutes les régions du pays.', '<p>Cette campagne cible en priorité les enfants de moins de 5 ans et vise à renforcer la couverture vaccinale nationale. Les équipes mobiles se déploieront dans les zones rurales difficiles d\'accès.</p><p>La campagne durera trois semaines et concernera la vaccination contre la rougeole, la polio, la diphtérie et le tétanos.</p>', 'article', NULL, NULL, NULL, NULL, 'published', 0, 1, '2025-09-03 09:11:40', 2234, 0, 94, NULL, NULL, NULL, '2025-10-08 09:30:00', '2025-10-08 09:30:00', NULL),
(22, 3, 3, 'Nouveau centre hospitalier inauguré', 'nouveau-centre-hospitalier-inaugure', 'Un hôpital ultramoderne de 200 lits vient d\'être inauguré dans la région du nord, améliorant significativement l\'offre de soins dans cette zone.', '<p>Cet établissement de référence dispose d\'équipements de pointe : scanner, IRM, bloc opératoire moderne et service de réanimation. Il emploiera 300 personnes dont 50 médecins spécialistes.</p><p>Les patients n\'auront plus besoin de parcourir des centaines de kilomètres pour accéder à des soins spécialisés de qualité.</p>', 'article', NULL, NULL, NULL, NULL, 'published', 1, 0, '2025-09-03 09:11:40', 1987, 0, 81, NULL, NULL, NULL, '2025-10-07 10:00:00', '2025-10-07 10:00:00', NULL),
(23, 4, 3, 'Lutte contre le paludisme : résultats encourageants', 'lutte-contre-paludisme-resultats-encourageants', 'Les dernières statistiques montrent une baisse significative des cas de paludisme grâce aux campagnes de prévention menées ces derniers mois.', '<p>La distribution massive de moustiquaires imprégnées et les campagnes de sensibilisation portent leurs fruits. Le nombre de cas a diminué de 25% par rapport à la même période l\'année dernière.</p><p>Les autorités sanitaires maintiennent leurs efforts avec des pulvérisations dans les zones à haut risque et le traitement préventif des femmes enceintes.</p>', 'article', NULL, NULL, NULL, NULL, 'published', 0, 0, '2025-09-03 09:11:40', 1654, 0, 68, NULL, NULL, NULL, '2025-10-06 14:45:00', '2025-10-06 14:45:00', NULL),
(24, 5, 3, 'Grève des médecins évitée de justesse', 'greve-medecins-evitee-justesse', 'Un accord de dernière minute entre le gouvernement et le syndicat des médecins a permis d\'éviter une grève qui aurait paralysé le système de santé.', '<p>Les négociations marathon ont abouti à des engagements concrets sur l\'amélioration des conditions de travail dans les hôpitaux publics. Le gouvernement s\'est notamment engagé à recruter 500 médecins supplémentaires.</p><p>Les revendications portaient également sur la revalorisation des salaires et l\'acquisition de nouveaux équipements médicaux.</p>', 'article', NULL, NULL, NULL, NULL, 'published', 0, 0, '2025-09-03 09:11:40', 2456, 0, 112, NULL, NULL, NULL, '2025-10-05 12:20:00', '2025-10-05 12:20:00', NULL),
(25, 1, 7, 'Match décisif ce soir : finale de la coupe nationale', 'match-decisif-ce-soir-finale-coupe-nationale', 'Le stade omnisports se prépare à accueillir la finale tant attendue de la coupe nationale de football entre les deux meilleurs clubs du championnat.', '<p>Plus de 40 000 supporters sont attendus pour ce choc au sommet. Les deux équipes ont préparé cette finale avec sérieux et promettent un spectacle de haute qualité.</p><p>La sécurité a été renforcée aux abords du stade et dans toute la ville. Le coup d\'envoi sera donné à 18h et le match sera retransmis en direct sur notre chaîne.</p>', 'article', NULL, 'https://youtube.com/watch?v=example1', NULL, 180, 'published', 1, 1, '2025-09-03 09:11:40', 5678, 0, 289, NULL, NULL, NULL, '2025-10-08 13:00:00', '2025-10-08 13:00:00', NULL),
(26, 2, 6, 'Athlétisme : nouveau record national établi', 'athletisme-nouveau-record-national-etabli', 'Un jeune athlète de 22 ans vient de pulvériser le record national du 100 mètres lors des championnats nationaux qui se déroulent actuellement.', '<p>Avec un temps de 10,08 secondes, il améliore l\'ancien record qui datait de 15 ans. Cette performance lui ouvre les portes des compétitions internationales et des prochains Jeux africains.</p><p>Son entraîneur salue le travail acharné et la détermination de son athlète qui s\'entraîne depuis l\'âge de 14 ans.</p>', 'article', NULL, NULL, NULL, NULL, 'published', 0, 0, '2025-09-03 09:11:40', 2345, 0, 97, NULL, NULL, NULL, '2025-10-07 16:30:00', '2025-10-07 16:30:00', NULL),
(27, 3, 7, 'Basketball : l\'équipe nationale qualifiée', 'basketball-equipe-nationale-qualifiee', 'L\'équipe nationale de basketball vient de décrocher sa qualification pour la phase finale du championnat d\'Afrique après une victoire éclatante.', '<p>Les Lions ont dominé leurs adversaires sur le score de 89-72 dans un match décisif. Cette qualification était attendue depuis plusieurs années et récompense le travail de fond entrepris par la fédération.</p><p>Le sélectionneur national se dit confiant pour la suite de la compétition et vise une place sur le podium continental.</p>', 'article', NULL, NULL, NULL, NULL, 'published', 0, 1, '2025-09-03 09:11:40', 3124, 0, 156, NULL, NULL, NULL, '2025-10-06 19:15:00', '2025-10-06 19:15:00', NULL),
(28, 4, 6, 'Tennis : tournoi international annoncé', 'tennis-tournoi-international-annonce', 'La capitale accueillera en décembre prochain un tournoi international de tennis réunissant les meilleurs joueurs africains.', '<p>Cet événement majeur mettra notre pays sur la carte du tennis continental. Les organisateurs attendent une dizaine de pays participants et espèrent des retombées importantes pour la promotion du tennis national.</p><p>Les travaux de rénovation des courts du complexe sportif ont déjà commencé pour être prêts à accueillir cette compétition de haut niveau.</p>', 'article', NULL, NULL, NULL, NULL, 'published', 0, 0, '2025-09-03 09:11:40', 1567, 0, 65, NULL, NULL, NULL, '2025-10-05 10:30:00', '2025-10-05 10:30:00', NULL),
(29, 5, 7, 'Nouvelle série télévisée en préparation', 'nouvelle-serie-televisee-preparation', 'Une production locale ambitieuse verra bientôt le jour avec le tournage d\'une série dramatique mettant en scène des acteurs nationaux renommés.', '<p>Cette série de 26 épisodes abordera des thématiques sociales contemporaines et marquera un tournant dans la production audiovisuelle locale. Le budget de 500 millions permettra des conditions de tournage professionnelles.</p><p>Les castings sont en cours et le tournage débutera dans deux mois. La diffusion est prévue pour début 2026.</p>', 'article', NULL, NULL, NULL, NULL, 'published', 0, 0, '2025-09-03 09:11:40', 2876, 0, 134, NULL, NULL, NULL, '2025-10-08 15:00:00', '2025-10-08 15:00:00', NULL),
(30, 1, 8, 'Festival de musique : programmation dévoilée', 'festival-musique-programmation-devoilee', 'Les organisateurs du plus grand festival de musique du pays viennent de dévoiler une programmation exceptionnelle avec des artistes locaux et internationaux.', '<p>Prévu pour le mois prochain, cet événement de trois jours accueillera plus de 30 artistes sur plusieurs scènes. Les billets sont déjà en vente et se vendent rapidement.</p><p>Le festival mettra à l\'honneur la diversité musicale africaine avec des concerts allant de l\'afrobeat au jazz en passant par le hip-hop et les musiques traditionnelles.</p>', 'article', NULL, NULL, NULL, NULL, 'published', 1, 0, '2025-09-03 09:11:40', 3456, 0, 187, NULL, NULL, NULL, '2025-10-07 11:45:00', '2025-10-07 11:45:00', NULL),
(31, 2, 8, 'Cinéma : film national primé à l\'international', 'cinema-film-national-prime-international', 'Le dernier long-métrage d\'un réalisateur national vient de remporter le prix du meilleur scénario lors d\'un prestigieux festival de cinéma africain.', '<p>Cette distinction internationale consacre le talent de notre cinéma et ouvre de nouvelles perspectives pour l\'industrie cinématographique locale. Le film traite avec finesse de questions identitaires et sociétales.</p><p>Le réalisateur a dédié ce prix à toute l\'équipe technique et aux acteurs qui ont cru en ce projet ambitieux malgré les difficultés de financement.</p>', 'article', NULL, NULL, NULL, NULL, 'published', 0, 1, '2025-09-03 09:11:40', 2134, 0, 103, NULL, NULL, NULL, '2025-10-06 13:20:00', '2025-10-06 13:20:00', NULL),
(32, 3, 8, 'Théâtre : nouvelle salle inaugurée', 'theatre-nouvelle-salle-inauguree', 'Un nouveau théâtre de 500 places vient d\'ouvrir ses portes dans le quartier culturel de la capitale, offrant un espace moderne aux troupes locales.', '<p>Cette infrastructure tant attendue dispose d\'équipements techniques de pointe : éclairage professionnel, sonorisation de qualité et loges spacieuses. La programmation de la saison comprend déjà plusieurs spectacles.</p><p>Les acteurs et metteurs en scène se réjouissent de pouvoir enfin travailler dans des conditions optimales pour présenter leurs créations au public.</p>', 'article', NULL, NULL, NULL, NULL, 'published', 0, 0, '2025-09-03 09:11:40', 1765, 0, 78, NULL, NULL, NULL, '2025-10-05 17:30:00', '2025-10-05 17:30:00', NULL),
(33, 4, 5, 'Lancement de la 5G dans trois villes', 'lancement-5g-trois-villes', 'Le principal opérateur de téléphonie mobile du pays lance officiellement son réseau 5G dans trois grandes villes, promettant une révolution dans les usages numériques.', '<p>Cette nouvelle technologie offre des débits jusqu\'à 10 fois supérieurs à la 4G et ouvre de nouvelles possibilités pour le développement des services numériques. Les entreprises pourront notamment profiter de l\'Internet des objets.</p><p>L\'extension à d\'autres villes est prévue progressivement au cours des 18 prochains mois. L\'opérateur a investi plus de 20 milliards dans ce déploiement.</p>', 'article', NULL, NULL, NULL, NULL, 'published', 1, 1, '2025-09-03 09:11:40', 4234, 0, 198, NULL, NULL, NULL, '2025-10-08 08:30:00', '2025-10-08 08:30:00', NULL),
(34, 5, 5, 'Application mobile de santé lancée', 'application-mobile-sante-lancee', 'Une startup locale vient de lancer une application innovante permettant aux patients de consulter des médecins à distance et de gérer leur suivi médical.', '<p>Cette solution de télémédecine répond à un besoin réel, particulièrement dans les zones rurales éloignées des centres de santé. L\'application permet de prendre rendez-vous, d\'effectuer des consultations vidéo et de recevoir des ordonnances électroniques.</p><p>Plus de 200 médecins ont déjà rejoint la plateforme et 10 000 téléchargements ont été enregistrés en une semaine.</p>', 'article', NULL, NULL, NULL, NULL, 'published', 0, 0, '2025-09-03 09:11:40', 2567, 0, 124, NULL, NULL, NULL, '2025-10-07 14:00:00', '2025-10-07 14:00:00', NULL),
(35, 1, 5, 'Cybersécurité : nouvelle plateforme de protection', 'cybersecurite-nouvelle-plateforme-protection', 'L\'Agence nationale de cybersécurité lance une plateforme de signalement et de protection contre les cyberattaques visant les entreprises et les particuliers.', '<p>Cette initiative vise à renforcer la sécurité numérique du pays face à la recrudescence des cybermenaces. La plateforme offre des outils de diagnostic, des alertes en temps réel et des conseils personnalisés.</p><p>Des formations gratuites seront également proposées aux PME pour les sensibiliser aux bonnes pratiques en matière de sécurité informatique.</p>', 'article', NULL, NULL, NULL, NULL, 'published', 0, 0, '2025-09-03 09:11:40', 1877, 0, 79, NULL, NULL, NULL, '2025-10-06 09:45:00', '2025-10-09 13:50:59', NULL),
(36, 2, 5, 'Intelligence artificielle : hub technologique créé', 'intelligence-artificielle-hub-technologique-cree', 'Un centre d\'excellence en intelligence artificielle vient d\'être créé en partenariat avec des universités et des entreprises tech pour former les talents de demain.', '<p>Ce hub offrira des formations certifiantes en IA, machine learning et data science. Il servira également d\'incubateur pour les startups innovantes du secteur technologique.</p><p>L\'objectif est de positionner le pays comme un acteur majeur de la transformation numérique en Afrique et de créer 1000 emplois qualifiés d\'ici 2027.</p>', 'article', NULL, NULL, NULL, NULL, 'published', 0, 0, '2025-09-03 09:11:40', 2123, 0, 98, NULL, NULL, NULL, '2025-10-05 12:15:00', '2025-10-05 12:15:00', NULL),
(37, 3, 9, 'Changement climatique : plan d\'action national adopté', 'changement-climatique-plan-action-national-adopte', 'Le gouvernement vient d\'adopter un ambitieux plan national de lutte contre le changement climatique avec des objectifs chiffrés à l\'horizon 2030.', '<p>Ce plan comprend des mesures concrètes pour réduire les émissions de gaz à effet de serre de 30%, développer les énergies renouvelables et protéger les écosystèmes fragiles.</p><p>Un budget de 100 milliards sur 5 ans est alloué à ce programme qui bénéficie du soutien de partenaires internationaux. Les populations locales seront associées aux projets de reforestation.</p>', 'article', NULL, NULL, NULL, NULL, 'published', 1, 0, '2025-09-03 09:11:40', 3246, 1, 156, NULL, NULL, NULL, '2025-10-08 10:00:00', '2025-10-16 19:28:11', NULL),
(38, 4, 9, 'Parc national : nouvelle espèce découverte', 'parc-national-nouvelle-espece-decouverte', 'Des chercheurs ont découvert une nouvelle espèce de primate dans le parc national, une trouvaille majeure pour la biodiversité mondiale.', '<p>Cette découverte fait suite à une expédition scientifique de trois mois dans les zones les plus reculées du parc. L\'espèce, baptisée provisoirement par son nom scientifique, présente des caractéristiques uniques.</p><p>Les scientifiques appellent à renforcer la protection de l\'habitat naturel de ce primate pour assurer sa survie. Des études complémentaires sont en cours pour mieux connaître son mode de vie.</p>', 'article', NULL, NULL, NULL, NULL, 'published', 0, 1, '2025-09-03 09:11:40', 2877, 0, 134, NULL, NULL, NULL, '2025-10-07 08:30:00', '2025-10-16 19:26:38', NULL),
(39, 5, 9, 'Pollution plastique : interdiction des sacs adoptée', 'pollution-plastique-interdiction-sacs-adoptee', 'Une nouvelle loi entre en vigueur interdisant la production et l\'utilisation de sacs plastiques à usage unique sur tout le territoire national.', '<p>Cette mesure environnementale forte vise à réduire la pollution plastique qui menace les écosystèmes aquatiques et terrestres. Des alternatives biodégradables devront être utilisées par les commerçants.</p><p>Une période de transition de trois mois est accordée pour permettre aux acteurs économiques de s\'adapter. Des contrôles seront effectués et des sanctions prévues pour les contrevenants.</p>', 'article', NULL, NULL, NULL, NULL, 'published', 0, 0, '2025-09-03 09:11:40', 2456, 0, 118, NULL, NULL, NULL, '2025-10-06 13:00:00', '2025-10-06 13:00:00', NULL),
(40, 1, 9, 'Énergies renouvelables : centrale solaire inaugurée', 'energies-renouvelables-centrale-solaire-inauguree', 'La plus grande centrale solaire photovoltaïque du pays vient d\'être inaugurée et contribuera significativement à la production d\'électricité verte.', '<p>Cette installation de 50 MW couvre 100 hectares et peut alimenter 150 000 foyers. Elle représente un investissement de 40 milliards et s\'inscrit dans la stratégie nationale de transition énergétique.</p><p>Deux autres projets similaires sont en cours de développement dans d\'autres régions. L\'objectif est d\'atteindre 30% d\'énergies renouvelables dans le mix énergétique d\'ici 2028.</p>', 'article', NULL, NULL, NULL, NULL, 'published', 0, 0, '2025-09-03 09:11:40', 1987, 0, 89, NULL, NULL, NULL, '2025-10-05 09:30:00', '2025-10-05 09:30:00', NULL),
(41, 2, 10, 'Mode africaine : défilé international réussi', 'mode-africaine-defile-international-reussi', 'La semaine de la mode africaine s\'est achevée hier sur un succès retentissant avec la participation de créateurs de 20 pays du continent.', '<p>Les créations présentées ont mis en valeur les tissus traditionnels revisités avec des coupes modernes et audacieuses. Les acheteurs internationaux présents ont passé de nombreuses commandes.</p><p>Cet événement confirme l\'émergence de la mode africaine sur la scène internationale et offre une vitrine exceptionnelle aux talents locaux.</p>', 'article', NULL, NULL, NULL, NULL, 'published', 1, 0, '2025-09-03 09:11:40', 2678, 0, 128, NULL, NULL, NULL, '2025-10-08 16:00:00', '2025-10-08 16:00:00', NULL),
(42, 3, 10, 'Gastronomie : restaurant local étoilé', 'gastronomie-restaurant-local-etoile', 'Un restaurant de la capitale vient de recevoir une distinction prestigieuse d\'un guide gastronomique international pour sa cuisine fusion africaine.', '<p>Le chef, formé en Europe, a su marier avec talent les saveurs locales et les techniques culinaires modernes. Sa carte met en valeur des produits du terroir travaillés avec créativité.</p><p>Cette reconnaissance place notre gastronomie sur la carte mondiale et devrait attirer de nombreux touristes gourmets. Le restaurant affiche déjà complet pour les trois prochains mois.</p>', 'article', NULL, NULL, NULL, NULL, 'published', 0, 0, '2025-09-03 09:11:40', 1834, 0, 86, NULL, NULL, NULL, '2025-10-07 12:30:00', '2025-10-07 12:30:00', NULL),
(43, 4, 10, 'Design : exposition d\'art contemporain', 'design-exposition-art-contemporain', 'La galerie nationale accueille une exposition majeure d\'art contemporain africain réunissant les œuvres de 40 artistes de renom.', '<p>Cette exposition explore les thématiques de l\'identité, de l\'urbanisation et des mutations sociales à travers différents mediums : peinture, sculpture, installation et vidéo.</p><p>L\'événement attire déjà de nombreux visiteurs et bénéficie d\'une couverture médiatique internationale. Des conférences et ateliers sont organisés en marge de l\'exposition.</p>', 'article', NULL, NULL, NULL, NULL, 'published', 0, 0, '2025-09-03 09:11:40', 1567, 0, 71, NULL, NULL, NULL, '2025-10-06 10:15:00', '2025-10-06 10:15:00', NULL),
(44, 5, 10, 'Architecture : prix pour un projet local', 'architecture-prix-pour-projet-local', 'Un architecte national remporte un prix continental pour la conception innovante d\'un centre culturel alliant modernité et traditions.', '<p>Le projet primé se distingue par son utilisation intelligente des matériaux locaux et sa démarche écoresponsable. L\'architecte a réussi à créer un bâtiment à la fois fonctionnel et esthétique.</p><p>Cette reconnaissance internationale met en lumière le dynamisme de l\'architecture contemporaine africaine et inspire une nouvelle génération de créateurs.</p>', 'article', NULL, NULL, NULL, NULL, 'published', 0, 0, '2025-09-03 09:11:40', 1456, 0, 67, NULL, NULL, NULL, '2025-10-05 14:45:00', '2025-10-05 14:45:00', NULL),
(45, 1, 11, 'Inondations : bilan provisoire communiqué', 'inondations-bilan-provisoire-communique', 'Les fortes pluies des derniers jours ont causé des inondations dans plusieurs quartiers. Les autorités dressent un premier bilan et organisent les secours.', '<p>Plus de 2000 personnes ont été évacuées vers des sites d\'accueil temporaires. Les équipes de secours poursuivent leurs opérations dans les zones les plus touchées.</p><p>Le gouvernement a débloqué une aide d\'urgence et évalue les dégâts matériels. Des vivres et des kits d\'hygiène sont distribués aux sinistrés. Une cellule de crise coordonne les interventions.</p>', 'article', NULL, NULL, NULL, NULL, 'published', 1, 1, '2025-09-03 09:11:40', 4567, 0, 234, NULL, NULL, NULL, '2025-10-08 06:00:00', '2025-10-08 06:00:00', NULL),
(46, 2, 11, 'Incendie de marché maîtrisé', 'incendie-marche-maitrise', 'Un violent incendie s\'est déclaré hier soir dans le grand marché de la ville. Les pompiers ont réussi à circonscrire le feu après plusieurs heures d\'intervention.', '<p>L\'incendie, dont les causes restent à déterminer, a détruit une centaine de boutiques. Heureusement, aucune perte en vie humaine n\'est à déplorer mais les dégâts matériels sont considérables.</p><p>Une enquête est ouverte pour déterminer l\'origine du sinistre. Les commerçants sinistrés bénéficieront d\'un accompagnement pour redémarrer leurs activités.</p>', 'article', NULL, NULL, NULL, NULL, 'published', 0, 1, '2025-09-03 09:11:40', 3456, 0, 167, NULL, NULL, NULL, '2025-10-07 19:30:00', '2025-10-07 19:30:00', NULL),
(47, 3, 11, 'Accident de circulation : route temporairement fermée', 'accident-circulation-route-temporairement-fermee', 'Un grave accident impliquant plusieurs véhicules s\'est produit ce matin sur l\'autoroute. Les secours sont sur place et la circulation est déviée.', '<p>L\'accident, survenu vers 6h du matin, a fait plusieurs blessés qui ont été transportés vers les hôpitaux les plus proches. Les causes de l\'accident sont en cours d\'investigation.</p><p>Les autorités appellent les usagers à la prudence et recommandent d\'emprunter des itinéraires alternatifs. La réouverture de la voie est prévue en début d\'après-midi.</p>', 'article', NULL, NULL, NULL, NULL, 'published', 0, 0, '2025-09-03 09:11:40', 2345, 0, 98, NULL, NULL, NULL, '2025-10-06 07:30:00', '2025-10-06 07:30:00', NULL),
(48, 4, 11, 'Alerte météo : fortes pluies attendues', 'alerte-meteo-fortes-pluies-attendues', 'L\'agence météorologique nationale place plusieurs régions en vigilance orange en raison de fortes pluies prévues dans les prochaines 48 heures.', '<p>Les prévisionnistes anticipent des cumuls importants pouvant atteindre 150mm localement. Des risques d\'inondations et de glissements de terrain ne sont pas à exclure dans certaines zones.</p><p>Les populations sont invitées à la prudence et à suivre les consignes de sécurité. Les autorités locales sont en état d\'alerte pour intervenir rapidement si nécessaire.</p>', 'article', NULL, NULL, NULL, NULL, 'published', 0, 1, '2025-09-03 09:11:40', 2876, 0, 124, NULL, NULL, NULL, '2025-10-05 16:00:00', '2025-10-05 16:00:00', NULL),
(49, 5, 12, 'Opération de sécurité : réseau démantelé', 'operation-securite-reseau-demantele', 'Les forces de sécurité annoncent le démantèlement d\'un réseau criminel impliqué dans le trafic de stupéfiants suite à une opération de plusieurs mois.', '<p>Cette opération d\'envergure a permis l\'arrestation de 15 suspects et la saisie d\'importantes quantités de drogue. Les investigations avaient été lancées suite à des renseignements précis.</p><p>Le procureur salue le travail remarquable des enquêteurs et assure que les mis en cause seront jugés avec toute la rigueur de la loi. D\'autres arrestations sont attendues.</p>', 'article', NULL, NULL, NULL, NULL, 'published', 1, 0, '2025-09-03 09:11:40', 3124, 0, 145, NULL, NULL, NULL, '2025-10-08 17:00:00', '2025-10-08 17:00:00', NULL),
(50, 1, 12, 'Cybercriminalité : vaste opération policière', 'cybercriminalite-vaste-operation-policiere', 'La police judiciaire a mené une opération coordonnée contre un réseau de cybercriminels spécialisés dans l\'arnaque en ligne et le blanchiment d\'argent.', '<p>Douze personnes ont été interpellées dans différentes villes. Le réseau, très organisé, aurait escroqué des centaines de victimes pour plusieurs milliards de francs CFA.</p><p>Du matériel informatique sophistiqué a été saisi. Les enquêteurs travaillent à identifier toutes les victimes et à retracer les flux financiers illicites.</p>', 'article', NULL, NULL, NULL, NULL, 'published', 0, 1, '2025-09-03 09:11:40', 2567, 0, 117, NULL, NULL, NULL, '2025-10-07 15:00:00', '2025-10-07 15:00:00', NULL),
(51, 2, 12, 'Sécurité routière : campagne de contrôle renforcée', 'securite-routiere-campagne-controle-renforcee', 'Les forces de l\'ordre lancent une vaste campagne de contrôle routier pour lutter contre les excès de vitesse et la conduite en état d\'ivresse.', '<p>Cette opération coup de poing durera deux semaines et concernera l\'ensemble du territoire. Des contrôles fixes et mobiles seront déployés sur les principaux axes routiers.</p><p>L\'objectif est de faire baisser le nombre d\'accidents qui reste préoccupant. Les contrevenants s\'exposent à des amendes et des retraits de permis.</p>', 'article', NULL, NULL, NULL, NULL, 'published', 0, 0, '2025-09-03 09:11:40', 1876, 0, 82, NULL, NULL, NULL, '2025-10-06 08:00:00', '2025-10-06 08:00:00', NULL),
(52, 3, 12, 'Lutte anti-terroriste : formation des forces spéciales', 'lutte-anti-terroriste-formation-forces-speciales', 'Des unités d\'élite de l\'armée bénéficient d\'une formation avancée en lutte antiterroriste dispensée par des experts internationaux.', '<p>Cette formation de trois semaines porte sur les techniques d\'intervention, le renseignement et la gestion de crises. Elle vise à renforcer les capacités opérationnelles face aux menaces sécuritaires.</p><p>Les exercices pratiques comprennent des simulations de situations réelles. Cette montée en compétences s\'inscrit dans le cadre de la coopération régionale en matière de sécurité.</p>', 'article', NULL, NULL, NULL, NULL, 'published', 0, 0, '2025-09-03 09:11:40', 1654, 0, 76, NULL, NULL, NULL, '2025-10-05 10:00:00', '2025-10-05 10:00:00', NULL),
(53, 4, 13, 'Haute couture : créateur local à Paris', 'haute-couture-createur-local-paris', 'Un styliste national présente sa première collection lors de la Fashion Week parisienne, une consécration pour le talent local.', '<p>Les créations ont séduit la critique et les professionnels du secteur par leur originalité et leur qualité d\'exécution. Le créateur a su imposer son esthétique mêlant tradition et modernité.</p><p>Cette percée sur la scène internationale ouvre de belles perspectives commerciales. Plusieurs boutiques de luxe ont déjà manifesté leur intérêt pour distribuer ses pièces.</p>', 'article', NULL, NULL, NULL, NULL, 'published', 1, 0, '2025-09-03 09:11:40', 2234, 0, 106, NULL, NULL, NULL, '2025-10-08 18:00:00', '2025-10-08 18:00:00', NULL),
(54, 5, 13, 'Beauté : produits cosmétiques naturels primés', 'beaute-produits-cosmetiques-naturels-primes', 'Une marque locale de cosmétiques à base de produits naturels remporte un prix international pour l\'innovation et la qualité de sa gamme.', '<p>Cette entreprise familiale valorise les ressources locales comme le beurre de karité et les huiles essentielles dans des formulations modernes. Ses produits sont 100% naturels et respectueux de l\'environnement.</p><p>La marque exporte déjà dans plusieurs pays africains et européens. Cette distinction devrait accélérer son développement à l\'international.</p>', 'article', NULL, NULL, NULL, NULL, 'published', 0, 0, '2025-09-03 09:11:40', 1987, 0, 91, NULL, NULL, NULL, '2025-10-07 13:00:00', '2025-10-07 13:00:00', NULL),
(55, 1, 13, 'Tendances : le wax revisité par les jeunes créateurs', 'tendances-wax-revisite-jeunes-createurs', 'Une nouvelle génération de stylistes s\'approprie le tissu wax traditionnel pour créer des pièces contemporaines qui séduisent une clientèle urbaine et jeune.', '<p>Ces créateurs audacieux n\'hésitent pas à mixer le wax avec d\'autres matières et à proposer des coupes urbaines et streetwear. Leurs collections rencontrent un franc succès auprès des millennials.</p><p>Cette réinterprétation moderne d\'un tissu emblématique participe au renouveau de la mode africaine et à sa diffusion auprès d\'un public plus large.</p>', 'article', NULL, NULL, NULL, NULL, 'published', 0, 0, '2025-09-03 09:11:40', 1654, 0, 79, NULL, NULL, NULL, '2025-10-06 15:00:00', '2025-10-06 15:00:00', NULL),
(56, 2, 13, 'Bijouterie : artisan local primé', 'bijouterie-artisan-local-prime', 'Un maître bijoutier reçoit une distinction prestigieuse pour son travail exceptionnel d\'orfèvrerie mêlant techniques ancestrales et design contemporain.', '<p>Ses créations uniques, réalisées avec des métaux précieux et des pierres locales, sont de véritables œuvres d\'art. Chaque pièce raconte une histoire et s\'inspire du patrimoine culturel.</p><p>Ses bijoux sont exposés dans des galeries internationales et portés par des personnalités. Il forme également des apprentis pour transmettre son savoir-faire.</p>', 'article', NULL, NULL, NULL, NULL, 'published', 0, 0, '2025-09-03 09:11:40', 1345, 0, 63, NULL, NULL, NULL, '2025-10-05 11:30:00', '2025-10-05 11:30:00', NULL),
(57, 3, 14, 'Transports urbains : nouvelles lignes de bus', 'transports-urbains-nouvelles-lignes-bus', 'La société de transport urbain lance cinq nouvelles lignes de bus pour désengorger la capitale et améliorer la mobilité des usagers.', '<p>Ces lignes desserviront des quartiers périphériques jusque-là mal connectés au centre-ville. Cinquante bus neufs et climatisés ont été acquis pour assurer ces liaisons.</p><p>Les tarifs restent accessibles et des abonnements mensuels sont proposés. Le gouvernement subventionne le service pour garantir un transport de qualité à prix abordable.</p>', 'article', NULL, NULL, NULL, NULL, 'published', 1, 0, '2025-09-03 09:11:40', 2456, 0, 112, NULL, NULL, NULL, '2025-10-08 07:45:00', '2025-10-08 07:45:00', NULL),
(58, 4, 14, 'Aviation : nouvelle compagnie aérienne créée', 'aviation-nouvelle-compagnie-aerienne-creee', 'Une nouvelle compagnie aérienne nationale vient d\'obtenir sa licence d\'exploitation et prévoit de lancer ses premiers vols régionaux d\'ici trois mois.', '<p>La compagnie démarrera avec quatre appareils modernes et reliera la capitale à six destinations régionales. L\'ambition est de proposer des tarifs compétitifs et un service de qualité.</p><p>Cette initiative privée répond à une demande croissante de liaisons aériennes et devrait dynamiser le secteur du tourisme d\'affaires. Des recrutements sont en cours pour constituer les équipages.</p>', 'article', NULL, NULL, NULL, NULL, 'published', 0, 1, '2025-09-03 09:11:40', 2134, 0, 97, NULL, NULL, NULL, '2025-10-07 09:30:00', '2025-10-07 09:30:00', NULL),
(59, 5, 14, 'Infrastructure : nouveau pont inauguré', 'infrastructure-nouveau-pont-inaugure', 'Un pont moderne de 800 mètres vient d\'être inauguré, facilitant la liaison entre deux quartiers séparés par un fleuve et réduisant considérablement les temps de trajet.', '<p>Cet ouvrage d\'art, construit en 18 mois, peut supporter un trafic de 20 000 véhicules par jour. Il comprend également des voies piétonnes et cyclables pour une mobilité douce.</p><p>Le coût total de 15 milliards a été financé à 60% par un bailleur international. Ce pont marque une étape importante dans le désenclavement urbain.</p>', 'article', NULL, NULL, NULL, NULL, 'published', 0, 0, '2025-09-03 09:11:40', 1766, 0, 81, NULL, NULL, NULL, '2025-10-06 10:00:00', '2025-10-09 13:51:05', NULL),
(60, 1, 14, 'Port : extension des capacités annoncée', 'port-extension-capacites-annoncee', 'Le port autonome lance un vaste programme d\'extension qui permettra de doubler sa capacité de traitement de containers d\'ici 2028.', '<p>Ce projet structurant de 80 milliards comprend la construction de nouveaux quais, l\'acquisition de grues modernes et l\'agrandissement des zones de stockage.</p><p>L\'extension vise à positionner le port comme un hub logistique majeur de la sous-région. Elle devrait générer 2000 emplois directs et stimuler l\'économie portuaire.</p>', 'article', NULL, NULL, NULL, NULL, 'published', 0, 0, '2025-09-03 09:11:40', 1459, 0, 68, NULL, NULL, NULL, '2025-10-05 08:15:00', '2025-10-16 10:48:54', NULL);

INSERT INTO `publications` (`id`, `user_id`, `rubrique_id`, `title`, `slug`, `excerpt`, `content`, `type`, `featured_image`, `video_url`, `external_link`, `video_duration`, `status`, `is_featured`, `is_breaking`, `published_at`, `views_count`, `comments_count`, `shares_count`, `meta_title`, `meta_description`, `meta_keywords`, `created_at`, `updated_at`, `deleted_at`) VALUES
(61, 2, 15, 'Agrobusiness : coopérative primée', 'agrobusiness-cooperative-primee', 'Une coopérative agricole reçoit un prix continental pour son modèle innovant d\'organisation et de commercialisation des produits agricoles.', '<p>Cette structure regroupe 500 producteurs qui mutualisent leurs moyens et n&eacute;gocient collectivement avec les acheteurs. Le mod&egrave;le a permis d&#39;augmenter les revenus de 40% en deux ans.</p>\r\n\r\n<p>La coop&eacute;rative investit dans la transformation locale pour cr&eacute;er de la valeur ajout&eacute;e. Elle pr&eacute;voit d&#39;&eacute;tendre son r&eacute;seau &agrave; d&#39;autres r&eacute;gions et de se lancer dans l&#39;exportation.</p>', 'article', 'publications/pp17eLgtNv4pjyA72867MGr9YrGCQOsXrM3opsut.jpg', NULL, NULL, NULL, 'published', 1, 1, '2025-10-09 09:11:40', 1989, 0, 89, 'Negociation', NULL, NULL, '2025-10-08 12:00:00', '2025-10-09 18:39:55', NULL),
(62, 3, 15, 'Agriculture : nouvelle filière anacarde développée', 'agriculture-nouvelle-filiere-anacarde-developpee', 'Un programme ambitieux vise à structurer la filière anacarde pour en faire un pilier de l\'économie agricole avec des objectifs de production triplés.', '<p>Le gouvernement et les partenaires techniques mettent en place un dispositif complet : distribution de plants améliorés, formation des producteurs, et création d\'unités de transformation.</p><p>L\'objectif est d\'atteindre 300 000 tonnes de noix brutes d\'ici cinq ans et de développer la transformation locale pour exporter des produits finis à forte valeur ajoutée.</p>', 'article', NULL, NULL, NULL, NULL, 'published', 0, 1, '2025-09-03 09:11:40', 1656, 0, 77, NULL, NULL, NULL, '2025-10-07 10:45:00', '2025-10-16 19:23:55', NULL),
(63, 4, 3, 'Élevage : campagne de vaccination du bétail', 'elevage-campagne-vaccination-betail', 'Le ministère de l\'Agriculture lance une vaste campagne de vaccination gratuite du cheptel national pour prévenir les épizooties et protéger la filière.', '<p>Des équipes vétérinaires sillonneront toutes les zones d\'élevage pour vacciner le bétail contre plusieurs maladies. Cette campagne de trois mois cible plus de 2 millions de têtes.</p><p>Les éleveurs sont invités à faire recenser leurs animaux et à respecter le calendrier des passages des équipes mobiles. Cette action sanitaire est cruciale pour la santé animale.</p>', 'article', NULL, NULL, NULL, NULL, 'published', 0, 0, '2025-09-03 09:11:40', 1234, 0, 58, NULL, NULL, NULL, '2025-10-06 09:00:00', '2025-10-06 09:00:00', NULL),
(64, 5, 2, 'LA DETTE POUR LES NULS', 'la-dette-pour-les-nuls', 'There are many variations of passages of Lorem Ipsum available, but the majority have suffered alteration in some form, by injected humour, or randomised words which don\'t look even slightly believable. If you are going to use a passage of Lorem Ipsum, you need to be sure there isn\'t anything embarrassing hidden in the middle of text. All the Lorem Ipsum generators on the Internet tend to repeat predefined chunks as necessary, making this the first true generator on the Internet. It uses a dictionary of over 200 Latin words, combined with a handful of model sentence structures, to generate Lorem Ipsum which looks reasonable. The generated Lorem Ipsum is therefore always free from repetition, injected humour, or non-characteristic words etc.', '<p><strong>Lorem Ipsum</strong>&nbsp;is simply dummy text of the printing and typesetting industry. Lorem Ipsum has been the industry&#39;s standard dummy text ever since the 1500s, when an unknown printer took a galley of type and scrambled it to make a type specimen book. It has survived not only five centuries, but also the leap into electronic typesetting, remaining essentially unchanged. It was popularised in the 1960s with the release of Letraset sheets containing Lorem Ipsum passages, and more recently with desktop publishing software like Aldus PageMaker including versions of Lorem Ipsum.</p>\r\n\r\n<h2>Why do we use it?</h2>\r\n\r\n<p>It is a long established fact that a reader will be distracted by the readable content of a page when looking at its layout. The point of using Lorem Ipsum is that it has a more-or-less normal distribution of letters, as opposed to using &#39;Content here, content here&#39;, making it look like readable English. Many desktop publishing packages and web page editors now use Lorem Ipsum as their default model text, and a search for &#39;lorem ipsum&#39; will uncover many web sites still in their infancy. Various versions have evolved over the years, sometimes by accident, sometimes on purpose (injected humour and the like).</p>\r\n\r\n<p>&nbsp;</p>\r\n\r\n<h2>Where does it come from?</h2>\r\n\r\n<p>Contrary to popular belief, Lorem Ipsum is not simply random text. It has roots in a piece of classical Latin literature from 45 BC, making it over 2000 years old. Richard McClintock, a Latin professor at Hampden-Sydney College in Virginia, looked up one of the more obscure Latin words, consectetur, from a Lorem Ipsum passage, and going through the cites of the word in classical literature, discovered the undoubtable source. Lorem Ipsum comes from sections 1.10.32 and 1.10.33 of &quot;de Finibus Bonorum et Malorum&quot; (The Extremes of Good and Evil) by Cicero, written in 45 BC. This book is a treatise on the theory of ethics, very popular during the Renaissance. The first line of Lorem Ipsum, &quot;Lorem ipsum dolor sit amet..&quot;, comes from a line in section 1.10.32.</p>\r\n\r\n<p>The standard chunk of Lorem Ipsum used since the 1500s is reproduced below for those interested. Sections 1.10.32 and 1.10.33 from &quot;de Finibus Bonorum et Malorum&quot; by Cicero are also reproduced in their exact original form, accompanied by English versions from the 1914 translation by H. Rackham.</p>\r\n\r\n<p><strong>Lorem Ipsum</strong>&nbsp;is simply dummy text of the printing and typesetting industry. Lorem Ipsum has been the industry&#39;s standard dummy text ever since the 1500s, when an unknown printer took a galley of type and scrambled it to make a type specimen book. It has survived not only five centuries, but also the leap into electronic typesetting, remaining essentially unchanged. It was popularised in the 1960s with the release of Letraset sheets containing Lorem Ipsum passages, and more recently with desktop publishing software like Aldus PageMaker including versions of Lorem Ipsum.</p>\r\n\r\n<h2>Why do we use it?</h2>\r\n\r\n<p>It is a long established fact that a reader will be distracted by the readable content of a page when looking at its layout. The point of using Lorem Ipsum is that it has a more-or-less normal distribution of letters, as opposed to using &#39;Content here, content here&#39;, making it look like readable English. Many desktop publishing packages and web page editors now use Lorem Ipsum as their default model text, and a search for &#39;lorem ipsum&#39; will uncover many web sites still in their infancy. Various versions have evolved over the years, sometimes by accident, sometimes on purpose (injected humour and the like).</p>\r\n\r\n<p>&nbsp;</p>\r\n\r\n<h2>Where does it come from?</h2>\r\n\r\n<p>Contrary to popular belief, Lorem Ipsum is not simply random text. It has roots in a piece of classical Latin literature from 45 BC, making it over 2000 years old. Richard McClintock, a Latin professor at Hampden-Sydney College in Virginia, looked up one of the more obscure Latin words, consectetur, from a Lorem Ipsum passage, and going through the cites of the word in classical literature, discovered the undoubtable source. Lorem Ipsum comes from sections 1.10.32 and 1.10.33 of &quot;de Finibus Bonorum et Malorum&quot; (The Extremes of Good and Evil) by Cicero, written in 45 BC. This book is a treatise on the theory of ethics, very popular during the Renaissance. The first line of Lorem Ipsum, &quot;Lorem ipsum dolor sit amet..&quot;, comes from a line in section 1.10.32.</p>\r\n\r\n<p>The standard chunk of Lorem Ipsum used since the 1500s is reproduced below for those interested. Sections 1.10.32 and 1.10.33 from &quot;de Finibus Bonorum et Malorum&quot; by Cicero are also reproduced in their exact original form, accompanied by English versions from the 1914 translation by H. Rackham.</p>\r\n\r\n<p><strong>Lorem Ipsum</strong>&nbsp;is simply dummy text of the printing and typesetting industry. Lorem Ipsum has been the industry&#39;s standard dummy text ever since the 1500s, when an unknown printer took a galley of type and scrambled it to make a type specimen book. It has survived not only five centuries, but also the leap into electronic typesetting, remaining essentially unchanged. It was popularised in the 1960s with the release of Letraset sheets containing Lorem Ipsum passages, and more recently with desktop publishing software like Aldus PageMaker including versions of Lorem Ipsum.</p>\r\n\r\n<h2>Why do we use it?</h2>\r\n\r\n<p>It is a long established fact that a reader will be distracted by the readable content of a page when looking at its layout. The point of using Lorem Ipsum is that it has a more-or-less normal distribution of letters, as opposed to using &#39;Content here, content here&#39;, making it look like readable English. Many desktop publishing packages and web page editors now use Lorem Ipsum as their default model text, and a search for &#39;lorem ipsum&#39; will uncover many web sites still in their infancy. Various versions have evolved over the years, sometimes by accident, sometimes on purpose (injected humour and the like).</p>\r\n\r\n<p>&nbsp;</p>\r\n\r\n<h2>Where does it come from?</h2>\r\n\r\n<p>Contrary to popular belief, Lorem Ipsum is not simply random text. It has roots in a piece of classical Latin literature from 45 BC, making it over 2000 years old. Richard McClintock, a Latin professor at Hampden-Sydney College in Virginia, looked up one of the more obscure Latin words, consectetur, from a Lorem Ipsum passage, and going through the cites of the word in classical literature, discovered the undoubtable source. Lorem Ipsum comes from sections 1.10.32 and 1.10.33 of &quot;de Finibus Bonorum et Malorum&quot; (The Extremes of Good and Evil) by Cicero, written in 45 BC. This book is a treatise on the theory of ethics, very popular during the Renaissance. The first line of Lorem Ipsum, &quot;Lorem ipsum dolor sit amet..&quot;, comes from a line in section 1.10.32.</p>\r\n\r\n<p>The standard chunk of Lorem Ipsum used since the 1500s is reproduced below for those interested. Sections 1.10.32 and 1.10.33 from &quot;de Finibus Bonorum et Malorum&quot; by Cicero are also reproduced in their exact original form, accompanied by English versions from the 1914 translation by H. Rackham.</p>\r\n\r\n<p><strong>Lorem Ipsum</strong>&nbsp;is simply dummy text of the printing and typesetting industry. Lorem Ipsum has been the industry&#39;s standard dummy text ever since the 1500s, when an unknown printer took a galley of type and scrambled it to make a type specimen book. It has survived not only five centuries, but also the leap into electronic typesetting, remaining essentially unchanged. It was popularised in the 1960s with the release of Letraset sheets containing Lorem Ipsum passages, and more recently with desktop publishing software like Aldus PageMaker including versions of Lorem Ipsum.</p>\r\n\r\n<h2>Why do we use it?</h2>\r\n\r\n<p>It is a long established fact that a reader will be distracted by the readable content of a page when looking at its layout. The point of using Lorem Ipsum is that it has a more-or-less normal distribution of letters, as opposed to using &#39;Content here, content here&#39;, making it look like readable English. Many desktop publishing packages and web page editors now use Lorem Ipsum as their default model text, and a search for &#39;lorem ipsum&#39; will uncover many web sites still in their infancy. Various versions have evolved over the years, sometimes by accident, sometimes on purpose (injected humour and the like).</p>\r\n\r\n<p>&nbsp;</p>\r\n\r\n<h2>Where does it come from?</h2>\r\n\r\n<p>Contrary to popular belief, Lorem Ipsum is not simply random text. It has roots in a piece of classical Latin literature from 45 BC, making it over 2000 years old. Richard McClintock, a Latin professor at Hampden-Sydney College in Virginia, looked up one of the more obscure Latin words, consectetur, from a Lorem Ipsum passage, and going through the cites of the word in classical literature, discovered the undoubtable source. Lorem Ipsum comes from sections 1.10.32 and 1.10.33 of &quot;de Finibus Bonorum et Malorum&quot; (The Extremes of Good and Evil) by Cicero, written in 45 BC. This book is a treatise on the theory of ethics, very popular during the Renaissance. The first line of Lorem Ipsum, &quot;Lorem ipsum dolor sit amet..&quot;, comes from a line in section 1.10.32.</p>\r\n\r\n<p>The standard chunk of Lorem Ipsum used since the 1500s is reproduced below for those interested. Sections 1.10.32 and 1.10.33 from &quot;de Finibus Bonorum et Malorum&quot; by Cicero are also reproduced in their exact original form, accompanied by English versions from the 1914 translation by H. Rackham.</p>\r\n\r\n<p><strong>Lorem Ipsum</strong>&nbsp;is simply dummy text of the printing and typesetting industry. Lorem Ipsum has been the industry&#39;s standard dummy text ever since the 1500s, when an unknown printer took a galley of type and scrambled it to make a type specimen book. It has survived not only five centuries, but also the leap into electronic typesetting, remaining essentially unchanged. It was popularised in the 1960s with the release of Letraset sheets containing Lorem Ipsum passages, and more recently with desktop publishing software like Aldus PageMaker including versions of Lorem Ipsum.</p>\r\n\r\n<h2>Why do we use it?</h2>\r\n\r\n<p>It is a long established fact that a reader will be distracted by the readable content of a page when looking at its layout. The point of using Lorem Ipsum is that it has a more-or-less normal distribution of letters, as opposed to using &#39;Content here, content here&#39;, making it look like readable English. Many desktop publishing packages and web page editors now use Lorem Ipsum as their default model text, and a search for &#39;lorem ipsum&#39; will uncover many web sites still in their infancy. Various versions have evolved over the years, sometimes by accident, sometimes on purpose (injected humour and the like).</p>\r\n\r\n<p>&nbsp;</p>\r\n\r\n<h2>Where does it come from?</h2>\r\n\r\n<p>Contrary to popular belief, Lorem Ipsum is not simply random text. It has roots in a piece of classical Latin literature from 45 BC, making it over 2000 years old. Richard McClintock, a Latin professor at Hampden-Sydney College in Virginia, looked up one of the more obscure Latin words, consectetur, from a Lorem Ipsum passage, and going through the cites of the word in classical literature, discovered the undoubtable source. Lorem Ipsum comes from sections 1.10.32 and 1.10.33 of &quot;de Finibus Bonorum et Malorum&quot; (The Extremes of Good and Evil) by Cicero, written in 45 BC. This book is a treatise on the theory of ethics, very popular during the Renaissance. The first line of Lorem Ipsum, &quot;Lorem ipsum dolor sit amet..&quot;, comes from a line in section 1.10.32.</p>\r\n\r\n<p>The standard chunk of Lorem Ipsum used since the 1500s is reproduced below for those interested. Sections 1.10.32 and 1.10.33 from &quot;de Finibus Bonorum et Malorum&quot; by Cicero are also reproduced in their exact original form, accompanied by English versions from the 1914 translation by H. Rackham.</p>\r\n\r\n<p><strong>Lorem Ipsum</strong>&nbsp;is simply dummy text of the printing and typesetting industry. Lorem Ipsum has been the industry&#39;s standard dummy text ever since the 1500s, when an unknown printer took a galley of type and scrambled it to make a type specimen book. It has survived not only five centuries, but also the leap into electronic typesetting, remaining essentially unchanged. It was popularised in the 1960s with the release of Letraset sheets containing Lorem Ipsum passages, and more recently with desktop publishing software like Aldus PageMaker including versions of Lorem Ipsum.</p>\r\n\r\n<h2>Why do we use it?</h2>\r\n\r\n<p>It is a long established fact that a reader will be distracted by the readable content of a page when looking at its layout. The point of using Lorem Ipsum is that it has a more-or-less normal distribution of letters, as opposed to using &#39;Content here, content here&#39;, making it look like readable English. Many desktop publishing packages and web page editors now use Lorem Ipsum as their default model text, and a search for &#39;lorem ipsum&#39; will uncover many web sites still in their infancy. Various versions have evolved over the years, sometimes by accident, sometimes on purpose (injected humour and the like).</p>\r\n\r\n<p>&nbsp;</p>\r\n\r\n<h2>Where does it come from?</h2>\r\n\r\n<p>Contrary to popular belief, Lorem Ipsum is not simply random text. It has roots in a piece of classical Latin literature from 45 BC, making it over 2000 years old. Richard McClintock, a Latin professor at Hampden-Sydney College in Virginia, looked up one of the more obscure Latin words, consectetur, from a Lorem Ipsum passage, and going through the cites of the word in classical literature, discovered the undoubtable source. Lorem Ipsum comes from sections 1.10.32 and 1.10.33 of &quot;de Finibus Bonorum et Malorum&quot; (The Extremes of Good and Evil) by Cicero, written in 45 BC. This book is a treatise on the theory of ethics, very popular during the Renaissance. The first line of Lorem Ipsum, &quot;Lorem ipsum dolor sit amet..&quot;, comes from a line in section 1.10.32.</p>\r\n\r\n<p>The standard chunk of Lorem Ipsum used since the 1500s is reproduced below for those interested. Sections 1.10.32 and 1.10.33 from &quot;de Finibus Bonorum et Malorum&quot; by Cicero are also reproduced in their exact original form, accompanied by English versions from the 1914 translation by H. Rackham.</p>\r\n\r\n<p><strong>Lorem Ipsum</strong>&nbsp;is simply dummy text of the printing and typesetting industry. Lorem Ipsum has been the industry&#39;s standard dummy text ever since the 1500s, when an unknown printer took a galley of type and scrambled it to make a type specimen book. It has survived not only five centuries, but also the leap into electronic typesetting, remaining essentially unchanged. It was popularised in the 1960s with the release of Letraset sheets containing Lorem Ipsum passages, and more recently with desktop publishing software like Aldus PageMaker including versions of Lorem Ipsum.</p>\r\n\r\n<h2>Why do we use it?</h2>\r\n\r\n<p>It is a long established fact that a reader will be distracted by the readable content of a page when looking at its layout. The point of using Lorem Ipsum is that it has a more-or-less normal distribution of letters, as opposed to using &#39;Content here, content here&#39;, making it look like readable English. Many desktop publishing packages and web page editors now use Lorem Ipsum as their default model text, and a search for &#39;lorem ipsum&#39; will uncover many web sites still in their infancy. Various versions have evolved over the years, sometimes by accident, sometimes on purpose (injected humour and the like).</p>\r\n\r\n<p>&nbsp;</p>\r\n\r\n<h2>Where does it come from?</h2>\r\n\r\n<p>Contrary to popular belief, Lorem Ipsum is not simply random text. It has roots in a piece of classical Latin literature from 45 BC, making it over 2000 years old. Richard McClintock, a Latin professor at Hampden-Sydney College in Virginia, looked up one of the more obscure Latin words, consectetur, from a Lorem Ipsum passage, and going through the cites of the word in classical literature, discovered the undoubtable source. Lorem Ipsum comes from sections 1.10.32 and 1.10.33 of &quot;de Finibus Bonorum et Malorum&quot; (The Extremes of Good and Evil) by Cicero, written in 45 BC. This book is a treatise on the theory of ethics, very popular during the Renaissance. The first line of Lorem Ipsum, &quot;Lorem ipsum dolor sit amet..&quot;, comes from a line in section 1.10.32.</p>\r\n\r\n<p>The standard chunk of Lorem Ipsum used since the 1500s is reproduced below for those interested. Sections 1.10.32 and 1.10.33 from &quot;de Finibus Bonorum et Malorum&quot; by Cicero are also reproduced in their exact original form, accompanied by English versions from the 1914 translation by H. Rackham.</p>\r\n\r\n<p><strong>Lorem Ipsum</strong>&nbsp;is simply dummy text of the printing and typesetting industry. Lorem Ipsum has been the industry&#39;s standard dummy text ever since the 1500s, when an unknown printer took a galley of type and scrambled it to make a type specimen book. It has survived not only five centuries, but also the leap into electronic typesetting, remaining essentially unchanged. It was popularised in the 1960s with the release of Letraset sheets containing Lorem Ipsum passages, and more recently with desktop publishing software like Aldus PageMaker including versions of Lorem Ipsum.</p>\r\n\r\n<h2>Why do we use it?</h2>\r\n\r\n<p>It is a long established fact that a reader will be distracted by the readable content of a page when looking at its layout. The point of using Lorem Ipsum is that it has a more-or-less normal distribution of letters, as opposed to using &#39;Content here, content here&#39;, making it look like readable English. Many desktop publishing packages and web page editors now use Lorem Ipsum as their default model text, and a search for &#39;lorem ipsum&#39; will uncover many web sites still in their infancy. Various versions have evolved over the years, sometimes by accident, sometimes on purpose (injected humour and the like).</p>\r\n\r\n<p>&nbsp;</p>\r\n\r\n<h2>Where does it come from?</h2>\r\n\r\n<p>Contrary to popular belief, Lorem Ipsum is not simply random text. It has roots in a piece of classical Latin literature from 45 BC, making it over 2000 years old. Richard McClintock, a Latin professor at Hampden-Sydney College in Virginia, looked up one of the more obscure Latin words, consectetur, from a Lorem Ipsum passage, and going through the cites of the word in classical literature, discovered the undoubtable source. Lorem Ipsum comes from sections 1.10.32 and 1.10.33 of &quot;de Finibus Bonorum et Malorum&quot; (The Extremes of Good and Evil) by Cicero, written in 45 BC. This book is a treatise on the theory of ethics, very popular during the Renaissance. The first line of Lorem Ipsum, &quot;Lorem ipsum dolor sit amet..&quot;, comes from a line in section 1.10.32.</p>\r\n\r\n<p>The standard chunk of Lorem Ipsum used since the 1500s is reproduced below for those interested. Sections 1.10.32 and 1.10.33 from &quot;de Finibus Bonorum et Malorum&quot; by Cicero are also reproduced in their exact original form, accompanied by English versions from the 1914 translation by H. Rackham.</p>\r\n\r\n<p><strong>Lorem Ipsum</strong>&nbsp;is simply dummy text of the printing and typesetting industry. Lorem Ipsum has been the industry&#39;s standard dummy text ever since the 1500s, when an unknown printer took a galley of type and scrambled it to make a type specimen book. It has survived not only five centuries, but also the leap into electronic typesetting, remaining essentially unchanged. It was popularised in the 1960s with the release of Letraset sheets containing Lorem Ipsum passages, and more recently with desktop publishing software like Aldus PageMaker including versions of Lorem Ipsum.</p>\r\n\r\n<h2>Why do we use it?</h2>\r\n\r\n<p>It is a long established fact that a reader will be distracted by the readable content of a page when looking at its layout. The point of using Lorem Ipsum is that it has a more-or-less normal distribution of letters, as opposed to using &#39;Content here, content here&#39;, making it look like readable English. Many desktop publishing packages and web page editors now use Lorem Ipsum as their default model text, and a search for &#39;lorem ipsum&#39; will uncover many web sites still in their infancy. Various versions have evolved over the years, sometimes by accident, sometimes on purpose (injected humour and the like).</p>\r\n\r\n<p>&nbsp;</p>\r\n\r\n<h2>Where does it come from?</h2>\r\n\r\n<p>Contrary to popular belief, Lorem Ipsum is not simply random text. It has roots in a piece of classical Latin literature from 45 BC, making it over 2000 years old. Richard McClintock, a Latin professor at Hampden-Sydney College in Virginia, looked up one of the more obscure Latin words, consectetur, from a Lorem Ipsum passage, and going through the cites of the word in classical literature, discovered the undoubtable source. Lorem Ipsum comes from sections 1.10.32 and 1.10.33 of &quot;de Finibus Bonorum et Malorum&quot; (The Extremes of Good and Evil) by Cicero, written in 45 BC. This book is a treatise on the theory of ethics, very popular during the Renaissance. The first line of Lorem Ipsum, &quot;Lorem ipsum dolor sit amet..&quot;, comes from a line in section 1.10.32.</p>\r\n\r\n<p>The standard chunk of Lorem Ipsum used since the 1500s is reproduced below for those interested. Sections 1.10.32 and 1.10.33 from &quot;de Finibus Bonorum et Malorum&quot; by Cicero are also reproduced in their exact original form, accompanied by English versions from the 1914 translation by H. Rackham.</p>\r\n\r\n<p><strong>Lorem Ipsum</strong>&nbsp;is simply dummy text of the printing and typesetting industry. Lorem Ipsum has been the industry&#39;s standard dummy text ever since the 1500s, when an unknown printer took a galley of type and scrambled it to make a type specimen book. It has survived not only five centuries, but also the leap into electronic typesetting, remaining essentially unchanged. It was popularised in the 1960s with the release of Letraset sheets containing Lorem Ipsum passages, and more recently with desktop publishing software like Aldus PageMaker including versions of Lorem Ipsum.</p>\r\n\r\n<h2>Why do we use it?</h2>\r\n\r\n<p>It is a long established fact that a reader will be distracted by the readable content of a page when looking at its layout. The point of using Lorem Ipsum is that it has a more-or-less normal distribution of letters, as opposed to using &#39;Content here, content here&#39;, making it look like readable English. Many desktop publishing packages and web page editors now use Lorem Ipsum as their default model text, and a search for &#39;lorem ipsum&#39; will uncover many web sites still in their infancy. Various versions have evolved over the years, sometimes by accident, sometimes on purpose (injected humour and the like).</p>\r\n\r\n<p>&nbsp;</p>\r\n\r\n<h2>Where does it come from?</h2>\r\n\r\n<p>Contrary to popular belief, Lorem Ipsum is not simply random text. It has roots in a piece of classical Latin literature from 45 BC, making it over 2000 years old. Richard McClintock, a Latin professor at Hampden-Sydney College in Virginia, looked up one of the more obscure Latin words, consectetur, from a Lorem Ipsum passage, and going through the cites of the word in classical literature, discovered the undoubtable source. Lorem Ipsum comes from sections 1.10.32 and 1.10.33 of &quot;de Finibus Bonorum et Malorum&quot; (The Extremes of Good and Evil) by Cicero, written in 45 BC. This book is a treatise on the theory of ethics, very popular during the Renaissance. The first line of Lorem Ipsum, &quot;Lorem ipsum dolor sit amet..&quot;, comes from a line in section 1.10.32.</p>\r\n\r\n<p>The standard chunk of Lorem Ipsum used since the 1500s is reproduced below for those interested. Sections 1.10.32 and 1.10.33 from &quot;de Finibus Bonorum et Malorum&quot; by Cicero are also reproduced in their exact original form, accompanied by English versions from the 1914 translation by H. Rackham.</p>\r\n\r\n<p><strong>Lorem Ipsum</strong>&nbsp;is simply dummy text of the printing and typesetting industry. Lorem Ipsum has been the industry&#39;s standard dummy text ever since the 1500s, when an unknown printer took a galley of type and scrambled it to make a type specimen book. It has survived not only five centuries, but also the leap into electronic typesetting, remaining essentially unchanged. It was popularised in the 1960s with the release of Letraset sheets containing Lorem Ipsum passages, and more recently with desktop publishing software like Aldus PageMaker including versions of Lorem Ipsum.</p>\r\n\r\n<h2>Why do we use it?</h2>\r\n\r\n<p>It is a long established fact that a reader will be distracted by the readable content of a page when looking at its layout. The point of using Lorem Ipsum is that it has a more-or-less normal distribution of letters, as opposed to using &#39;Content here, content here&#39;, making it look like readable English. Many desktop publishing packages and web page editors now use Lorem Ipsum as their default model text, and a search for &#39;lorem ipsum&#39; will uncover many web sites still in their infancy. Various versions have evolved over the years, sometimes by accident, sometimes on purpose (injected humour and the like).</p>\r\n\r\n<p>&nbsp;</p>\r\n\r\n<h2>Where does it come from?</h2>\r\n\r\n<p>Contrary to popular belief, Lorem Ipsum is not simply random text. It has roots in a piece of classical Latin literature from 45 BC, making it over 2000 years old. Richard McClintock, a Latin professor at Hampden-Sydney College in Virginia, looked up one of the more obscure Latin words, consectetur, from a Lorem Ipsum passage, and going through the cites of the word in classical literature, discovered the undoubtable source. Lorem Ipsum comes from sections 1.10.32 and 1.10.33 of &quot;de Finibus Bonorum et Malorum&quot; (The Extremes of Good and Evil) by Cicero, written in 45 BC. This book is a treatise on the theory of ethics, very popular during the Renaissance. The first line of Lorem Ipsum, &quot;Lorem ipsum dolor sit amet..&quot;, comes from a line in section 1.10.32.</p>\r\n\r\n<p>The standard chunk of Lorem Ipsum used since the 1500s is reproduced below for those interested. Sections 1.10.32 and 1.10.33 from &quot;de Finibus Bonorum et Malorum&quot; by Cicero are also reproduced in their exact original form, accompanied by English versions from the 1914 translation by H. Rackham.</p>\r\n\r\n<p><strong>Lorem Ipsum</strong>&nbsp;is simply dummy text of the printing and typesetting industry. Lorem Ipsum has been the industry&#39;s standard dummy text ever since the 1500s, when an unknown printer took a galley of type and scrambled it to make a type specimen book. It has survived not only five centuries, but also the leap into electronic typesetting, remaining essentially unchanged. It was popularised in the 1960s with the release of Letraset sheets containing Lorem Ipsum passages, and more recently with desktop publishing software like Aldus PageMaker including versions of Lorem Ipsum.</p>\r\n\r\n<h2>Why do we use it?</h2>\r\n\r\n<p>It is a long established fact that a reader will be distracted by the readable content of a page when looking at its layout. The point of using Lorem Ipsum is that it has a more-or-less normal distribution of letters, as opposed to using &#39;Content here, content here&#39;, making it look like readable English. Many desktop publishing packages and web page editors now use Lorem Ipsum as their default model text, and a search for &#39;lorem ipsum&#39; will uncover many web sites still in their infancy. Various versions have evolved over the years, sometimes by accident, sometimes on purpose (injected humour and the like).</p>\r\n\r\n<p>&nbsp;</p>\r\n\r\n<h2>Where does it come from?</h2>\r\n\r\n<p>Contrary to popular belief, Lorem Ipsum is not simply random text. It has roots in a piece of classical Latin literature from 45 BC, making it over 2000 years old. Richard McClintock, a Latin professor at Hampden-Sydney College in Virginia, looked up one of the more obscure Latin words, consectetur, from a Lorem Ipsum passage, and going through the cites of the word in classical literature, discovered the undoubtable source. Lorem Ipsum comes from sections 1.10.32 and 1.10.33 of &quot;de Finibus Bonorum et Malorum&quot; (The Extremes of Good and Evil) by Cicero, written in 45 BC. This book is a treatise on the theory of ethics, very popular during the Renaissance. The first line of Lorem Ipsum, &quot;Lorem ipsum dolor sit amet..&quot;, comes from a line in section 1.10.32.</p>\r\n\r\n<p>The standard chunk of Lorem Ipsum used since the 1500s is reproduced below for those interested. Sections 1.10.32 and 1.10.33 from &quot;de Finibus Bonorum et Malorum&quot; by Cicero are also reproduced in their exact original form, accompanied by English versions from the 1914 translation by H. Rackham.</p>', 'article', 'publications/7mChlA943MSHj9AriJrojkIl2uZKp74kyBiddZVq.jpg', NULL, NULL, NULL, 'published', 1, 0, '2025-10-09 18:52:29', 8, 6, 0, 'Paix en Israel', NULL, NULL, '2025-10-09 18:50:19', '2025-10-16 14:24:56', NULL),
(65, 5, 16, 'Demonstration pour M. Yanes', 'demonstration-pour-m-yanes', 'Where does it come from?\r\nContrary to popular belief, Lorem Ipsum is not simply random text. It has roots in a piece of classical Latin literature from 45 BC, making it over 2000 years old.', '<h2>Where does it come from?</h2>\r\n\r\n<p><strong>Contrary to popular belief, </strong>Lorem Ipsum is not simply random text. It has roots in a piece of classical Latin literature from 45 BC, making it over 2000 years old. Richa<em>rd McClintock</em>, a Latin professor at Hampden-Sydney College in Virginia, looked up one of the more obscure Latin words, consectetur, from a Lorem Ipsum passage, and going through the cites of the word in classical literature, discovered the undoubtable source. Lorem Ipsum comes from sections 1.10.32 and 1.10.33 of &quot;de Finibus Bonorum et Malorum&quot; (The Extremes of Good and Evil) by Cicero, written in 45 BC. <s>This book is </s>a treatise on the theory of ethics, very popular during the Renaissance. The first line of Lorem Ipsum, &quot;Lorem ipsum dolor sit amet..&quot;, comes from a line in section 1.10.32.<br />\r\n&nbsp;</p>\r\n\r\n<h2>Where does it come from?</h2>\r\n\r\n<p>Contrary to popular belief, Lorem Ipsum is not simply random text. It has roots in a piece of classical Latin literature from 45 BC, making it over 2000 years old. Richard McClintock, a Latin professor at Hampden-Sydney College in Virginia, looked up one of the more obscure Latin words, consectetur, from a Lorem Ipsum passage, and going through the cites of the word in classical literature, discovered the undoubtable source. Lorem Ipsum comes from sections 1.10.32 and 1.10.33 of &quot;de Finibus Bonorum et Malorum&quot; (The Extremes of Good and Evil) by Cicero, written in 45 BC. This book is a treatise on the theory of ethics, very popular during the Renaissance. The first line of Lorem Ipsum, &quot;Lorem ipsum dolor sit amet..&quot;, comes from a line in section 1.10.32.</p>\r\n\r\n<h2>Where does it come from?</h2>\r\n\r\n<p>Contrary to popular belief, Lorem Ipsum is not simply random text. It has roots in a piece of classical Latin literature from 45 BC, making it over 2000 years old. Richard McClintock, a Latin professor at Hampden-Sydney College in Virginia, looked up one of the more obscure Latin words, consectetur, from a Lorem Ipsum passage, and going through the cites of the word in classical literature, discovered the undoubtable source. Lorem Ipsum comes from sections 1.10.32 and 1.10.33 of &quot;de Finibus Bonorum et Malorum&quot; (The Extremes of Good and Evil) by Cicero, written in 45 BC. This book is a treatise on the theory of ethics, very popular during the Renaissance. The first line of Lorem Ipsum, &quot;Lorem ipsum dolor sit amet..&quot;, comes from a line in section 1.10.32.</p>\r\n\r\n<h2>Where does it come from?</h2>\r\n\r\n<p>Contrary to popular belief, Lorem Ipsum is not simply random text. It has roots in a piece of classical Latin literature from 45 BC, making it over 2000 years old. Richard McClintock, a Latin professor at Hampden-Sydney College in Virginia, looked up one of the more obscure Latin words, consectetur, from a Lorem Ipsum passage, and going through the cites of the word in classical literature, discovered the undoubtable source. Lorem Ipsum comes from sections 1.10.32 and 1.10.33 of &quot;de Finibus Bonorum et Malorum&quot; (The Extremes of Good and Evil) by Cicero, written in 45 BC. This book is a treatise on the theory of ethics, very popular during the Renaissance. The first line of Lorem Ipsum, &quot;Lorem ipsum dolor sit amet..&quot;, comes from a line in section 1.10.32.</p>', 'article', 'publications/mTnCGtncFfirrPUmUa3hxR6JF2lEJiS98kN01MuF.png', NULL, NULL, NULL, 'published', 1, 1, '2025-10-16 20:14:16', 2, 0, 0, 'Démonstration', NULL, NULL, '2025-10-16 20:14:16', '2025-10-16 20:36:38', NULL);


INSERT INTO `comments` (`id`, `publication_id`, `user_id`, `guest_name`, `guest_email`, `content`, `is_approved`, `ip_address`, `user_agent`, `created_at`, `updated_at`) VALUES
(1, 12, NULL, 'Hayfa Mack', 'gupecyqoz@mailinator.com', 'Adipisicing aliqua', 1, '127.0.0.1', 'Mozilla/5.0 (X11; Linux x86_64) AppleWebKit/537.36 (KHTML, like Gecko) Chrome/141.0.0.0 Safari/537.36', '2025-10-16 14:22:46', '2025-10-16 14:22:46'),
(2, 12, NULL, 'Olympia Haney', 'qyhevupuza@mailinator.com', 'Animi animi quis m', 1, '127.0.0.1', 'Mozilla/5.0 (X11; Linux x86_64) AppleWebKit/537.36 (KHTML, like Gecko) Chrome/141.0.0.0 Safari/537.36', '2025-10-16 14:23:18', '2025-10-16 14:23:18'),
(3, 64, NULL, 'Cally Douglas', 'cugiho@mailinator.com', 'Sint officia iste e', 1, '127.0.0.1', 'Mozilla/5.0 (X11; Linux x86_64) AppleWebKit/537.36 (KHTML, like Gecko) Chrome/141.0.0.0 Safari/537.36', '2025-10-16 14:24:40', '2025-10-16 14:24:40'),
(4, 64, NULL, 'Chloe Blair', 'mirikyg@mailinator.com', 'Iste dolor anim pers', 1, '127.0.0.1', 'Mozilla/5.0 (X11; Linux x86_64) AppleWebKit/537.36 (KHTML, like Gecko) Chrome/141.0.0.0 Safari/537.36', '2025-10-16 14:24:43', '2025-10-16 14:24:43'),
(5, 64, NULL, 'Suki Anthony', 'vykoxas@mailinator.com', 'Fugiat atque reicien', 1, '127.0.0.1', 'Mozilla/5.0 (X11; Linux x86_64) AppleWebKit/537.36 (KHTML, like Gecko) Chrome/141.0.0.0 Safari/537.36', '2025-10-16 14:24:46', '2025-10-16 14:24:46'),
(6, 64, NULL, 'Ali Odom', 'zahog@mailinator.com', 'Consectetur sunt om', 1, '127.0.0.1', 'Mozilla/5.0 (X11; Linux x86_64) AppleWebKit/537.36 (KHTML, like Gecko) Chrome/141.0.0.0 Safari/537.36', '2025-10-16 14:24:49', '2025-10-16 14:24:49'),
(7, 64, NULL, 'Daryl Mcbride', 'hepode@mailinator.com', 'Deleniti ut aut dolo', 1, '127.0.0.1', 'Mozilla/5.0 (X11; Linux x86_64) AppleWebKit/537.36 (KHTML, like Gecko) Chrome/141.0.0.0 Safari/537.36', '2025-10-16 14:24:53', '2025-10-16 14:24:53'),
(8, 64, NULL, 'Giselle Bradshaw', 'duhurilag@mailinator.com', 'Reiciendis minim duc', 1, '127.0.0.1', 'Mozilla/5.0 (X11; Linux x86_64) AppleWebKit/537.36 (KHTML, like Gecko) Chrome/141.0.0.0 Safari/537.36', '2025-10-16 14:24:56', '2025-10-16 14:24:56'),
(9, 37, NULL, 'AAAAA', 'bbbbbbb@gmail.com', 'Voici mon commentaire test.', 1, '127.0.0.1', 'Mozilla/5.0 (X11; Linux x86_64) AppleWebKit/537.36 (KHTML, like Gecko) Chrome/141.0.0.0 Safari/537.36', '2025-10-16 19:28:11', '2025-10-16 19:28:11');
